,artist,song_name,spotify_track_id,danceability,energy,key,loudness,mode,speechiness,acousticness,instrumentalness,liveness,valence,tempo,duration_ms,time_signature
922,PinkPantheress,Pain,4S4QJfBGGrC8jRIjJHf1Ka,0.829,0.617,1,-8.497,1,0.14,0.227,0.00306,0.0618,0.81,125.605,98544,4
923,Bad Omens,Just Pretend,1H4Y9uW4N0LsxJUz0VnaPJ,0.457,0.834,5,-4.674,0,0.0817,0.00252,0.00125,0.1,0.201,140.032,204677,4
924,Bailey Zimmerman,Where It Ends,7lNezbnIXBbgNmFOa9dt1c,0.431,0.837,9,-5.067,1,0.0432,0.259,0.0,0.0879,0.648,170.041,179294,4
925,Kendrick Lamar,Rich Spirit,1QPreu0BNOrUfEb8HTd2qG,0.852,0.421,10,-9.153,0,0.208,0.428,2.28e-06,0.106,0.457,95.977,202285,4
926,Mareux,The Perfect Girl,5RBOcBpJXaNnHCGViJmYhh,0.485,0.89,8,-5.992,0,0.0911,0.000872,0.818,0.102,0.258,128.881,194423,4
927,The Weeknd,Out of Time,2SLwbpExuoBDZBpjfefCtV,0.65,0.76,0,-4.422,0,0.0446,0.255,0.0,0.339,0.838,93.057,214194,4
928,Kendrick Lamar,Die Hard,2g6tReTlM2Akp41g0HaeXN,0.775,0.736,1,-8.072,0,0.247,0.319,0.00116,0.127,0.362,100.988,239027,4
929,Lainey Wilson,Heart Like A Truck,5ZCjp56T8J6d7amJyFSzrI,0.587,0.632,9,-5.416,1,0.0311,0.148,1.01e-05,0.158,0.392,139.974,199040,4
930,J. Cole,m y . l i f e (with 21 Savage & Morray),1D3z6HTiQsNmZxjl7F7eoG,0.597,0.587,7,-7.026,0,0.137,0.0622,0.0,0.214,0.0753,140.021,218802,4
931,Peso Pluma,Siempre Pendientes,5PfFHceiEv61KldMOuVrv8,0.774,0.748,0,-7.086,1,0.0352,0.331,0.0057,0.126,0.714,135.929,186828,3
932,Juice WRLD,Cigarettes,1CfuBY3BDdKpooQ9L5zgUc,0.587,0.614,2,-6.344,1,0.0435,0.0306,0.0,0.399,0.451,160.075,227527,4
933,Harry Styles,Music For a Sushi Restaurant,5LYMamLv12UPbemOaTPyeV,0.72,0.715,11,-4.652,1,0.04,0.258,0.0568,0.107,0.357,107.041,193813,4
934,Ghost,Mary On A Cross,2HZLXBOnaSRhXStMLrq9fD,0.466,0.9,11,-4.469,1,0.0447,0.000235,0.00104,0.103,0.561,130.02,244804,4
935,Taylor Swift,Wildest Dreams (Taylor's Version),1Ov37jtRQ2YNAe8HzfczkL,0.583,0.67,8,-7.289,1,0.0646,0.0374,0.0001,0.126,0.498,140.061,220433,4
936,Rauw Alejandro,LOKERA,33cF8aTmGJ6TsEf23uqGIN,0.836,0.826,11,-2.66,0,0.0461,0.213,6.03e-06,0.0814,0.579,102.025,197101,4
937,Taylor Swift,Mastermind,7FmYn9e7KHMXcxqGSj9LjH,0.662,0.357,4,-14.064,1,0.154,0.553,0.00129,0.0837,0.124,125.966,191039,4
938,Marshmello,Bye Bye,6XO8RlYuJCiI0v3IA48FeJ,0.645,0.525,3,-5.399,0,0.0355,0.0574,0.0,0.505,0.238,83.018,108499,4
939,Baby Keem,family ties (with Kendrick Lamar),7Bpx2vsWfQFBACRz4h3IqH,0.711,0.611,1,-5.453,1,0.329,0.00575,0.0,0.231,0.144,134.14,252070,4
940,Tainy,Lo Siento BB:/ (with Bad Bunny & Julieta Venegas),4gzsuuZypVbxs0Af1LSZyB,0.639,0.703,4,-6.33,0,0.0794,0.0889,1.78e-06,0.0865,0.138,169.888,207301,4
941,Elley Duhé,MIDDLE OF THE NIGHT,58HvfVOeJY7lUuCqF0m3ly,0.41,0.611,4,-8.271,0,0.0467,0.0228,0.0,0.116,0.0899,185.727,184448,3
942,Morgan Wallen,This Bar,075qcpR3BnxD5CWUIx1HTr,0.553,0.884,2,-5.306,1,0.0771,0.0921,0.00033,0.0463,0.248,110.074,185280,4
943,Taylor Swift,Labyrinth,43q586vP8gGkYypKoSddhl,0.487,0.313,0,-15.434,1,0.0487,0.791,0.348,0.124,0.141,110.039,247962,4
944,Noah Cyrus,July,6J2LdBN97cDWn0MLxYh9HB,0.708,0.186,9,-8.953,0,0.042,0.868,0.0,0.0779,0.322,72.541,156106,4
945,beabadoobee,the perfect pair,41P6Tnd8KIHqON0QIydx6a,0.634,0.663,11,-6.818,1,0.0331,0.433,0.124,0.102,0.6,146.053,177533,4
946,Sonder,What You Heard,3a3dQOO19moXPeTt2PomoT,0.429,0.371,2,-9.017,0,0.0327,0.546,5.71e-06,0.104,0.135,137.134,238242,4
947,Coyote Theory,This Side of Paradise,79EkGysjP2dL5GdpeQjRxT,0.306,0.664,9,-6.07,1,0.0276,0.432,7.5e-06,0.135,0.321,158.283,242010,4
948,Pharrell Williams,Cash In Cash Out,3S68RFe1lsdCdTMPIMJM3X,0.877,0.56,7,-3.751,1,0.0596,0.00721,1.45e-06,0.0839,0.154,119.971,216136,4
949,Lil Durk,Hanging With Wolves,1a7tOEheXeaSNathZW4Gzk,0.823,0.636,11,-7.239,0,0.0612,0.0168,0.0,0.108,0.5,151.978,205893,4
950,Dua Lipa,Levitating (feat. DaBaby),5nujrmhLynf4yMoMtj8AQF,0.702,0.825,6,-3.787,0,0.0601,0.00883,0.0,0.0674,0.915,102.977,203064,4
951,Central Cee,Doja,3LtpKP5abr2qqjunvjlX5i,0.911,0.573,6,-7.43,1,0.288,0.38,0.0,0.403,0.972,140.04,97393,4
952,Saint Levant,Very Few Friends,2L0PRavRIQIjVcZK4Qgfgi,0.777,0.469,6,-8.344,0,0.163,0.162,0.00239,0.108,0.557,136.05,132500,4
953,Lil Baby,Real Spill,4OkFBMU18NidtaefaTjUq1,0.776,0.557,2,-7.441,1,0.545,0.0496,0.0,0.112,0.284,156.978,198722,4
954,Bad Bunny,Un Ratito,5CzixCxDkRXX9mScCmah8O,0.787,0.546,0,-7.094,0,0.0532,0.305,4.55e-05,0.122,0.222,93.05,176936,4
955,jagger finn,Vas,6S7o12almFeL57rbRvdY5l,0.514,0.424,0,-10.645,1,0.0282,0.918,0.849,0.126,0.416,71.114,90324,4
956,Junior H,Los Botones Azules,3ZGkdrigbWXLgHungXfZkt,0.784,0.737,5,-2.174,1,0.0758,0.0877,0.0,0.1,0.623,97.5,135612,3
957,H.E.R.,Could've Been (feat. Bryson Tiller),6oEVnWKgPqIEPc53OYDNqG,0.45,0.352,1,-11.733,0,0.267,0.649,3.8e-06,0.249,0.408,102.679,252747,4
958,Arcángel,La Jumpa,2mnXxnrX5vCGolNkaFvVeM,0.887,0.234,9,-14.52,1,0.178,0.111,0.67,0.13,0.197,140.02,196800,4
959,Metro Boomin,All The Money (with Gunna) [Bonus],4a1fh9vJMMoRjNrBmEWoM0,0.837,0.58,4,-6.932,0,0.0618,0.053,0.00276,0.699,0.262,111.981,167400,4
960,Lil Baby,Not Finished,2A0G0bPmlkUXUbvWqrAXzg,0.785,0.524,1,-7.004,1,0.122,0.0123,0.0,0.365,0.0855,142.007,163454,4
961,MUPP,vendetta!,5Sk39LuvdwuvL84jD01Dum,0.706,0.91,1,-3.527,1,0.146,0.175,2e-06,0.11,0.667,126.007,107045,4
962,Olivia Rodrigo,"jealousy, jealousy",0MMyJUC3WNnFS1lit5pTjk,0.695,0.575,10,-6.334,0,0.116,0.198,0.0,0.0614,0.699,163.929,173160,4
963,Vierre Cloud,moment,5K9tfeoiztw94dyWzF39jq,0.544,0.855,6,-7.461,1,0.093,0.0426,0.157,0.167,0.517,171.349,129543,4
964,Taylor Swift,Glitch,6wAFvJPpTZVirBKGZ4EnMW,0.675,0.466,11,-9.738,0,0.201,0.361,0.0,0.11,0.347,140.864,148781,4
965,Eslabon Armado,HASTA LA MUERTE,3qAJAUr7yc9bPDx4ESt6ND,0.555,0.832,11,-3.691,1,0.0412,0.28,0.0,0.0894,0.43,170.124,209903,3
966,Joji,Glimpse of Us,4ewazQLXFTDC8XvCbhvtXs,0.44,0.317,8,-9.258,1,0.0531,0.891,4.78e-06,0.141,0.268,169.914,233456,3
967,The Kid LAROI,STAY (with Justin Bieber),5PjdY0CKGZdEuoNab3yDmX,0.591,0.764,1,-5.484,1,0.0483,0.0383,0.0,0.103,0.478,169.928,141806,4
968,TWISTED,WORTH NOTHING - Fast & Furious: Drift Tape/Phonk Vol 1,5Zlb01Jcn0Ld49zazzZJSB,0.604,0.601,2,-7.887,0,0.0628,0.15,0.000579,0.168,0.156,139.88,164629,4
969,Ivan Cornejo,Está Dañada,6G2xXQRSZlEzYsUEb3uvuR,0.405,0.565,1,-9.266,0,0.0372,0.38,0.0195,0.107,0.166,159.892,214149,3
970,Clairo,Bubble Gum,3zksbXteOCeSusJ5Xltr3t,0.509,0.0167,9,-24.639,1,0.115,0.979,2.72e-05,0.387,0.229,207.97,175961,3
971,Doja Cat,Ain't Shit,5lAnYvAIkSDNXqfo7DyFUm,0.855,0.488,3,-4.601,1,0.208,0.506,0.0,0.347,0.619,124.097,174253,4
972,Connor Price,Spinnin,5OzgCc3gQsqchX95k1C1Qa,0.765,0.572,11,-6.153,0,0.128,0.226,0.0,0.192,0.475,140.013,110938,4
973,Conner Smith,Take It Slow,3CC2sCo30DhwOwGI4NN30I,0.594,0.838,5,-3.768,1,0.0323,0.0823,0.0,0.126,0.524,116.012,162587,4
974,Kylie Morgan,If He Wanted To He Would,3nei8eHEdiwwSfyoOCHPZI,0.655,0.617,0,-4.716,1,0.026,0.0998,0.0,0.211,0.734,90.015,174173,4
975,Strawberry Guy,Mrs Magic,0TZejo18HlJ86OrWNsXKnw,0.471,0.634,8,-7.406,1,0.031,0.159,0.365,0.374,0.366,132.542,208500,4
976,Taylor Swift,Paper Rings,4y5bvROuBDPr5fuwXbIBZR,0.811,0.719,9,-6.553,1,0.0497,0.0129,1.36e-05,0.0742,0.865,103.979,222400,4
977,Post Malone,Sunflower - Spider-Man: Into the Spider-Verse,0RiRZpuVRbi7oqRdSMwhQY,0.755,0.522,2,-4.368,1,0.0575,0.533,0.0,0.0685,0.925,89.96,157560,4
978,Zach Bryan,Condemned,6WuVLG5DRHKKuJ6deCw28p,0.616,0.15,5,-13.517,1,0.119,0.831,0.0,0.203,0.345,126.462,174673,4
979,Drake,Treacherous Twins,4Flfb4fGscN9kXPOduQLrv,0.746,0.517,10,-7.582,0,0.327,0.0782,0.0,0.137,0.609,88.987,180098,4
980,Lil Durk,3 Headed Goat (feat. Lil Baby & Polo G),6Tguhaf2uAe6OjRLsR2Tql,0.846,0.48,8,-8.618,0,0.359,0.269,0.0,0.0989,0.419,143.029,169532,4
981,Jordan Davis,Next Thing You Know,2lNTHWu2I5Tcz9ukWsV5Jj,0.557,0.597,5,-8.296,1,0.048,0.646,0.0,0.0974,0.414,78.526,175238,4
982,Charlie Puth,Left and Right (Feat. Jung Kook of BTS),0mBP9X2gPCuapvpZ7TGDk3,0.881,0.592,2,-4.898,1,0.0324,0.619,1.32e-05,0.0901,0.719,101.058,154487,4
983,Moneybagg Yo,Quickie,3084aAzars6DR26nCWO9Ep,0.87,0.506,2,-9.415,1,0.432,0.0901,0.0,0.145,0.347,137.921,187826,4
984,Cafuné,Tek It - Sped Up,0MnTkIEP4zZN1IUSu8MvIz,0.348,0.95,10,-5.049,0,0.124,9.93e-05,9.68e-06,0.0868,0.377,168.964,166859,4
985,Summer Walker,No Love (with SZA),08SB2OtZkaliju77WYEKxk,0.707,0.618,1,-5.825,0,0.19,0.17,0.0,0.293,0.517,133.876,231498,4
987,SZA,I Hate U,5dXWFMwD7I7zXsInONVl0H,0.535,0.388,7,-9.805,0,0.155,0.507,0.0,0.11,0.412,106.703,174000,5
988,Harry Styles,Keep Driving,2NcQic8JxdjAlAHuNbOIRE,0.721,0.479,9,-9.669,1,0.226,0.321,0.00156,0.182,0.902,164.948,140242,3
989,Ozuna,Hey Mor,1zsPaEkglFvxjAhrM8yhpr,0.901,0.589,1,-6.713,0,0.289,0.00302,0.000237,0.0992,0.399,98.002,196600,4
990,Brent Faiyaz,Been Away,5PvVkf1Yuq3XyMqqjPiKPd,0.602,0.5,8,-9.377,1,0.298,0.477,5.69e-05,0.295,0.395,132.798,223630,4
991,Carly Pearce,What He Didn't Do,5OLaVCAM2pqg7X9mAM2W8M,0.628,0.632,9,-5.932,1,0.0325,0.257,0.0,0.288,0.559,137.854,191227,4
992,Polo G,Pop Out (feat. Lil Tjay),6uFn47ACjqYkc0jADwEdj1,0.772,0.639,1,-7.119,1,0.467,0.15,0.0,0.0698,0.261,168.112,166560,4
993,"Tyler, The Creator","GONE, GONE / THANK YOU",1hz7SRTGUNAtIQ46qiNv2p,0.518,0.492,10,-8.436,0,0.193,0.216,0.0012,0.146,0.471,78.848,375387,4
994,Playboi Carti,Vamp Anthem,4CzhtKifG867Lu5DNQVBSA,0.642,0.69,11,-5.101,1,0.261,0.00599,1.3e-06,0.322,0.641,164.075,124094,4
995,The Backseat Lovers,Kilby Girl,1170VohRSx6GwE6QDCHPPH,0.329,0.444,1,-9.973,1,0.0417,0.0578,0.0352,0.113,0.225,162.279,282206,4
996,A Boogie Wit da Hoodie,Water (Drowning Pt. 2) [feat. Kodak Black],6yDPFrHZLQbQa9Itd2J4Gp,0.855,0.603,0,-5.488,1,0.284,0.0392,0.0,0.105,0.494,129.976,206769,4
997,Peezy,2 Million Up,5JS1gz9zP4GTy0LZYvSeUK,0.884,0.423,6,-10.181,0,0.275,0.115,0.0,0.0895,0.259,95.753,159973,4
998,Dean Lewis,How Do I Say Goodbye,5hnGrTBaEsdukpDF6aZg8a,0.4,0.641,8,-6.303,1,0.0674,0.214,0.0,0.0656,0.393,81.552,163603,4
999,Pharrell Williams,Down In Atlanta,5unjCay0kUjuej5ebn4nS4,0.851,0.819,7,-5.173,1,0.212,0.337,0.000153,0.0658,0.903,83.154,164041,3
1000,Cafuné,Tek It,751srcHf5tUqcEa9pRCQwP,0.423,0.913,8,-5.354,1,0.0655,6.53e-05,0.0,0.269,0.596,146.995,191823,4
1001,Polo G,21,3JKgcAa7r07ocVWcV8bS0H,0.783,0.479,7,-10.646,1,0.541,0.149,0.0,0.101,0.533,176.027,163798,4
1002,Farruko,Pepas,5fwSHlTEWpluwOM0Sxnh5k,0.762,0.766,7,-3.955,1,0.0343,0.00776,6.98e-05,0.128,0.442,130.001,287120,4
1003,ThxSoMch,SPIT IN MY FACE!,1N8TTK1Uoy7UvQNUazfUt5,0.73,0.785,8,-6.512,1,0.0554,0.0464,0.0216,0.111,0.649,94.094,147875,4
1004,Drake,Sticky,4rmVZajAF7PkrCagGPHbqa,0.853,0.495,6,-14.63,1,0.14,0.0917,0.000217,0.0844,0.0774,137.027,243228,4
1005,Imagine Dragons,Bones,54ipXppHLA8U4yqpOFTUhr,0.772,0.75,5,-3.67,0,0.0455,0.0201,0.0,0.074,0.587,114.061,165265,4
1006,J. Cole,p r i d e . i s . t h e . d e v i l (with Lil Baby),5W8jRrZ6tWrTrqnKRtIQBf,0.861,0.656,4,-7.867,0,0.425,0.104,0.0,0.0986,0.331,88.967,218210,4
1007,Olivia Rodrigo,happier,2tGvwE8GcFKwNdAXMnlbfl,0.395,0.443,6,-9.72,1,0.133,0.765,9.67e-06,0.0839,0.338,168.924,175933,3
1008,Labrinth,Mount Everest,1ZdhOMWyFR8Iv9eylMGYg2,0.494,0.428,0,-7.239,0,0.205,0.236,0.0698,0.0816,0.44,87.724,157497,4
1009,Drake,Trust Issues,4Wjhj0WjkyECccfHVIgaTq,0.421,0.539,11,-5.456,0,0.274,0.779,0.0,0.111,0.523,89.177,281519,3
1010,Playboi Carti,ILoveUIHateU,1BpKJw4RZxaFB88NE5uxXf,0.684,0.693,4,-6.651,0,0.0339,0.00534,0.0,0.506,0.108,134.988,135122,4
1011,Bad Bunny,Un Coco,6VrQTLzzuyGIYjUDe4kAZk,0.839,0.69,11,-4.464,1,0.0615,0.207,8.33e-06,0.176,0.744,151.991,196413,4
1012,Cody Johnson,Human,5AihIu9yF3flkw1jFMyfwW,0.4,0.647,2,-7.279,1,0.0337,0.176,5.79e-05,0.11,0.274,84.08,221520,4
1013,Taylor Swift,Sweet Nothing,0wavGRldH0AWyu2zvTz8zb,0.337,0.156,0,-14.919,1,0.0518,0.964,7.72e-05,0.115,0.39,176.655,188497,4
1014,"Tyler, The Creator",WUSYANAME (feat. Youngboy Never Broke Again & Ty Dolla $ign),5B0kgjHULYJhAQkK5XsMoC,0.493,0.653,0,-5.666,0,0.0466,0.269,0.0,0.511,0.852,142.347,121573,4
1015,Mac Miller,Love Lost,0N9C80kcgL0xXGduKnYKWi,0.735,0.812,2,-4.417,1,0.151,0.528,0.0,0.186,0.584,109.835,162876,4
1016,Taylor Swift,Dear Reader,3QF5RsWzK1lCvf2o2cY65P,0.562,0.388,0,-12.088,1,0.0705,0.481,0.00145,0.117,0.159,107.747,225194,4
1017,Jax,Victoria's Secret,4svaKoxMMP7ImmKrD5hfQu,0.586,0.556,6,-7.639,1,0.0592,0.00655,0.0,0.0836,0.517,167.018,176125,4
1018,Taylor Swift,Labyrinth,0A1JLUlkZkp2EFrosoNQi0,0.406,0.306,0,-15.48,1,0.0517,0.785,0.488,0.122,0.122,110.014,247962,4
1019,Drake,Middle of the Ocean,410TZrK18uRjtsTunG14cl,0.466,0.703,4,-5.774,0,0.393,0.18,0.0,0.422,0.25,76.815,356389,3
1020,Ivan Cornejo,Está Dañado,0ciLo7Ntd7Gfc0rQRTgkSG,0.578,0.459,8,-11.938,1,0.041,0.501,1.86e-05,0.143,0.164,160.065,201195,3
1021,Eden Muñoz,Chale,74WROFXsox6wkeUrEK2DS6,0.551,0.436,8,-8.029,1,0.0428,0.395,0.0,0.0719,0.862,188.651,170745,3
1022,Frank Ocean,In My Room,4S4Mfvv03M1cHgIOJcbUCL,0.861,0.647,7,-7.425,1,0.0675,0.594,0.661,0.114,0.67,158.037,133680,4
1023,Pecos & the Rooftops,This Damn Song,7s9bJQK8sr8yDyOAHn8miR,0.646,0.472,0,-6.743,1,0.0323,0.193,0.0,0.269,0.166,120.187,280000,4
1024,Gunna,P power (feat. Drake),0lEjxUUlKqjqXrVlIHFduD,0.828,0.591,1,-6.217,1,0.109,0.0199,0.000323,0.361,0.202,119.251,193347,4
1025,Grupo Marca Registrada,Si Fuera Fácil,7Jph6HJbfURt4Fea19IED3,0.794,0.677,10,-9.969,1,0.0713,0.446,0.0313,0.076,0.611,101.467,170496,3
1026,Lil Peep,nuts,11k8KTbNeG9iabeNXMuwf0,0.51,0.739,2,-7.41,1,0.0415,0.00872,0.0,0.111,0.148,62.007,85360,4
1027,Rauw Alejandro,PUNTO 40,2TDyyEBasw10wu5Uh94bR1,0.873,0.826,0,-0.722,1,0.0876,0.00127,0.0361,0.311,0.201,106.972,190654,4
1028,NLE Choppa,Capo,1vux5TJpXtc7tbjA1YODpp,0.614,0.953,2,-4.162,1,0.0688,0.119,0.0,0.331,0.593,154.969,192200,4
1029,IVE,After LIKE,2gYj9lubBorOPIVWsTXugG,0.68,0.922,0,-1.215,1,0.121,0.103,0.0,0.0877,0.799,125.014,176973,4
1030,Ski Mask The Slump God,OOGA BOOGA!,4gKWtJGlhxKKSyV65llt2G,0.847,0.916,1,-5.757,1,0.222,0.101,0.000766,0.118,0.751,104.018,139038,4
1031,Clairo,Sofia,7B3z0ySL9Rr0XvZEAjWZzM,0.744,0.619,0,-9.805,1,0.039,0.598,0.00372,0.231,0.641,112.997,188387,4
1032,BLACKPINK,Shut Down,0ARKW62l9uWIDYMZTUmJHF,0.82,0.686,0,-5.102,1,0.038,0.00412,0.0,0.184,0.668,110.058,175889,3
1033,Rosa Walton,I Really Want to Stay at Your House,7mykoq6R3BArsSpNDjFQTm,0.49,0.738,3,-7.399,0,0.0367,0.00237,4.58e-06,0.0851,0.126,124.966,246653,4
1034,Eyedress,Romantic Lover,7s5VQqrjBtrBgZL4pEa46S,0.658,0.447,9,-9.299,0,0.0869,0.701,0.924,0.198,0.538,184.316,86739,4
1035,YoungBoy Never Broke Again,Put It On Me,2FWeNvUo79OeiHWoR1bUsO,0.665,0.666,9,-7.009,1,0.429,0.0331,0.0,0.0841,0.844,164.205,152195,4
1036,Mariah the Scientist,Spread Thin,4MbzauKV2ydtZZjLsPcuTF,0.621,0.411,6,-8.261,0,0.0333,0.0553,0.0,0.0816,0.357,110.113,202520,4
1037,Don Toliver,After Party,527k23H0A4Q0UJN3vGs0Da,0.629,0.692,5,-8.045,1,0.0376,0.00981,0.331,0.603,0.453,162.948,167916,4
1038,Ozzy Osbourne,Crazy Train,7ACxUo21jtTHzy7ZEV56vU,0.454,0.913,9,-4.008,1,0.107,0.408,0.000271,0.248,0.521,137.688,293183,4
1039,Hailey Whitters,Everything She Ain’t,3zAOcNGOFq5Q1OsN0tcxA0,0.796,0.621,2,-6.129,1,0.0346,0.175,0.0,0.274,0.808,121.904,151973,4
1040,Zach Bryan,Heavy Eyes,2gJj6WtAxXjApMs3PXsCeX,0.471,0.912,5,-3.032,1,0.0724,0.032,0.0,0.343,0.613,139.667,190780,4
1041,Coi Leray,Players,6UN73IYd0hZxLi8wFPMQij,0.954,0.516,6,-5.817,1,0.16,0.03,7.54e-06,0.0504,0.624,105.001,139560,4
1042,Juice WRLD,Empty,3T06rGO2dVEntMvym0vpQu,0.746,0.561,0,-4.869,1,0.0526,0.0758,0.0,0.132,0.463,77.535,248431,4
1043,(G)I-DLE,Nxde,6NnCWIWV740gP7DQ8kqdIE,0.726,0.91,4,-1.948,0,0.179,0.0413,7.81e-06,0.479,0.648,135.966,178453,4
1044,Xavier Wulf,First Light,7AUHZBFJ5c7fiLhl0I9r5S,0.654,0.822,4,-6.065,0,0.146,0.0509,0.0,0.118,0.309,175.913,131181,4
1045,Harry Styles,Little Freak,3i058E8uxTsYqJ5NWZzqSj,0.559,0.535,3,-7.723,1,0.039,0.719,0.000143,0.0954,0.402,141.96,202183,4
1046,Kxllswxtch,WASTE,4NgherJDfCXWBZBYheM4jK,0.627,0.123,7,-14.411,1,0.0316,0.859,0.00105,0.149,0.11,131.883,120429,4
1047,Reneé Rapp,Too Well,6Szgu8v7CAapag3XuuJX0b,0.668,0.618,10,-4.639,1,0.0607,0.125,0.0,0.112,0.389,120.951,156632,4
1048,Bad Bunny,Otro Atardecer,0E0DRHf5PfMeor0ZCwB3oT,0.777,0.595,2,-6.79,1,0.0375,0.59,0.00139,0.0669,0.546,108.02,244444,4
1049,Rauw Alejandro,LOKERA,79HZAZNnOE97rb2hnI0XQr,0.834,0.828,11,-2.657,0,0.0452,0.21,5.91e-06,0.103,0.58,102.019,195294,4
1050,Morgan Wallen,Don't Think Jesus,1TUuhV75FeOF6UObRsABo2,0.578,0.431,2,-7.034,1,0.0269,0.469,0.0,0.137,0.21,116.979,226975,3
1051,Wallows,Are You Bored Yet? (feat. Clairo),57RA3JGafJm5zRtKJiKPIm,0.682,0.683,8,-6.444,0,0.0287,0.156,2.32e-05,0.273,0.64,120.023,178000,4
1052,Don Toliver,No Idea,7AzlLxHn24DxjgQX73F9fU,0.652,0.631,6,-5.718,0,0.0893,0.524,0.000579,0.165,0.35,127.998,154424,4
1053,Bad Bunny,La Santa,69vlMrzHwATKzupwNcUPyK,0.744,0.868,1,-4.524,1,0.047,0.0326,0.0,0.0822,0.586,93.037,206420,4
1054,Billie Eilish,i love you,6CcJMwBtXByIz4zQLzFkKc,0.421,0.131,0,-18.435,1,0.0382,0.952,0.00453,0.109,0.12,137.446,291796,4
1055,$uicideboy$,I Dream of Chrome,3QQXpvZd9qmzHZ02wDf2im,0.84,0.934,0,-3.717,1,0.119,0.0484,0.0,0.0961,0.67,149.994,145843,4
1056,Labrinth,Formula,6EtKlIQmGPB9SX8UjDJG5s,0.574,0.664,11,-6.068,1,0.0409,0.0448,0.0553,0.146,0.226,144.654,91870,4
1057,Brent Faiyaz,Rehab (Winter In Paris),0zWbYGQq5O1KQd0iqzgjP6,0.549,0.242,5,-11.692,1,0.038,0.809,8.1e-05,0.127,0.286,144.211,180304,4
1058,Suki Waterhouse,Good Looking,0j3mqDTK4Z6lvrLzFCUUz6,0.364,0.554,4,-9.076,1,0.0301,0.077,0.000297,0.125,0.257,150.079,214800,3
1059,Kanye West,True Love,06JvOZ39sK8D8SqiqfaxDU,0.712,0.861,5,-5.487,0,0.25,0.0182,6.09e-06,0.511,0.388,84.042,148571,4
1060,YoungBoy Never Broke Again,Make No Sense,6klLvorLoo1sxvZcjJIY8I,0.876,0.733,10,-4.478,0,0.333,0.0208,0.0,0.0999,0.962,154.904,148630,4
1061,Juice WRLD,Conversations,4K06PO78fW4mnBVenxGNob,0.747,0.622,11,-5.825,1,0.0838,0.176,0.0,0.151,0.57,159.93,181661,4
1062,Olivia Rodrigo,brutal,6SRsiMl7w1USE4mFqrOhHC,0.672,0.526,4,-6.446,1,0.0599,0.0311,1.37e-06,0.28,0.28,123.999,143747,4
1063,Lil Tjay,F.N,0RLLvYBopDwooCyvnTwgYu,0.567,0.515,6,-10.265,0,0.247,0.354,0.0,0.078,0.321,120.1,224000,1
1064,Lauren Spencer Smith,Flowers,6Z165JvPnS8PYvGW8oLGLc,0.684,0.449,3,-9.738,1,0.611,0.869,0.0,0.0881,0.341,66.165,157373,4
1065,The Weeknd,Nothing Is Lost (You Give Me Strength),1DzJbVkBELu6jDu6q0T0tk,0.52,0.693,5,-7.704,1,0.0331,0.0002,2.2e-05,0.122,0.12,126.985,267505,4
1066,HARDY,GIVE HEAVEN SOME HELL,2bVeUlOC5JjTpkQXuUUoYm,0.639,0.843,11,-4.975,1,0.0362,0.0525,0.0,0.0854,0.528,126.047,217802,4
1067,Drake,Yebba’s Heartbreak,1PDP7mLiAMwhfmgIwzhOm2,0.476,0.161,8,-11.665,0,0.0407,0.967,0.0381,0.109,0.0908,119.614,133763,4
1068,$uicideboy$,"My Swisher Sweet, But My Sig Sauer",4QlbH3QGLr13WeLUywH9DA,0.683,0.969,0,-3.29,1,0.171,0.000275,0.126,0.94,0.595,170.017,226932,4
1069,charlieonnafriday,Enough,4vuVzf7BIZhDAFm3TB0Tzy,0.745,0.543,7,-8.137,1,0.0396,0.22,0.0,0.174,0.242,139.964,185267,4
1070,Lana Del Rey,Did you know that there's a tunnel under Ocean Blvd,5U1OEoEW4xnalSAToamwZL,0.431,0.34,0,-9.384,1,0.0311,0.794,0.0108,0.12,0.0529,119.877,285051,4
1071,Steve Lacy,N Side,12ILYlOEfWL8ei0BEgFJn0,0.838,0.535,11,-6.303,0,0.0432,0.0714,0.000302,0.208,0.894,119.946,224444,4
1072,Luis R Conriquez,El Gavilán,4ygQ5wSuzzNRevVjup1qV2,0.724,0.684,11,-4.413,1,0.0705,0.144,0.0035,0.302,0.729,144.117,175296,3
1073,The Ronettes,Sleigh Ride,7fUYUcWy853HS8YJn0b3Sr,0.529,0.772,2,-7.013,1,0.0287,0.403,2.21e-06,0.316,0.853,91.751,181267,4
1074,Aventura,Volví,2vmfvSoZBFAt9hhRoEByLi,0.725,0.86,1,-3.726,1,0.182,0.422,0.000284,0.0674,0.791,175.896,230125,4
1075,Dxrk ダーク,RAVE,01kfSdF9zfcDLri5sSWEoL,0.716,0.748,8,-6.06,1,0.0356,0.235,0.849,0.114,0.338,119.918,169245,4
1076,The Weeknd,Save Your Tears (with Ariana Grande) (Remix),37BZB0z9T8Xu7U3e65qxFy,0.65,0.825,0,-4.645,1,0.0325,0.0215,2.44e-05,0.0936,0.593,118.091,191014,4
1077,Carin Leon,No Es Por Acá,3bvJftZKZe5QKz433NczyV,0.746,0.37,2,-6.309,1,0.0306,0.456,0.0,0.106,0.595,97.568,167692,3
1078,Nicki Minaj,Super Freaky Girl,2yjlYDiNiQkdxVqTlaSrlX,0.951,0.878,2,-2.565,1,0.211,0.0509,1.61e-05,0.321,0.923,133.014,170977,4
1079,Grupo Marca Registrada,Puro Campeón,1kNC7b4zXbqoceKpkGdnD8,0.851,0.542,10,-8.152,1,0.122,0.361,3.73e-06,0.132,0.789,101.896,196437,4
1080,Drake,Girls Want Girls (with Lil Baby),37Nqx7iavZpotJSDXZWbJ3,0.767,0.438,7,-8.726,0,0.29,0.181,0.0,0.142,0.381,86.975,221980,4
1081,Alessia Cara,Make It To Christmas,6RS6rcjnWrdfVuu2U2W2dj,0.522,0.522,2,-7.87,1,0.0383,0.13,0.0,0.438,0.305,77.072,211013,4
1082,Sir Chloe,Michelle,6XrTwqp0vMc2Z3m4ttoyRe,0.366,0.439,4,-5.238,1,0.0298,0.0781,1.92e-05,0.108,0.11,115.94,214088,3
1083,Lil Tjay,Run It Up (feat. Offset & Moneybagg Yo),1dg3qy5DjoJodawfOCgrTP,0.88,0.575,6,-6.091,1,0.163,0.415,0.0,0.109,0.671,120.031,232048,4
1084,Three Peels,White Noise Waterfall,5WkRINJDHP7zdAo45F1bJb,0.188,0.00481,3,-23.892,0,0.0575,0.131,0.352,0.13,0.0388,115.759,163506,3
1085,Morgan Wallen,865,0sKEilrw1GrBlG6qsTCrP4,0.532,0.584,8,-5.254,1,0.0248,0.723,0.0,0.101,0.367,88.003,190680,4
1086,ROSALÍA,DESPECHÁ,5ildQOEKmJuWGl2vRkFdYc,0.919,0.623,7,-6.521,1,0.0992,0.184,1.63e-05,0.0609,0.775,130.037,157018,4
1087,Tyler Childers,Way of the Triune God - Hallelujah Version,2BJy4svtrGACqRB5BFLOK6,0.696,0.583,10,-6.384,1,0.0307,0.629,0.0,0.123,0.543,79.057,208813,4
1088,Summer Walker,Playing Games (with Bryson Tiller) - Extended Version,2xyx0o4xNOLLjBSbOOdcbA,0.726,0.408,11,-6.606,0,0.0614,0.603,0.0,0.225,0.459,115.918,143227,4
1089,Lil Baby,Never Hating (feat. Young Thug),1Py8c3dkLF0YczcAyBFBEM,0.879,0.504,8,-8.284,1,0.271,0.0016,0.0,0.147,0.335,102.929,160777,4
1090,Jhayco,En La De Ella,5NxhMcHSVY3Z7ykWxZf3aj,0.816,0.77,1,-5.477,1,0.0538,0.0798,0.0,0.118,0.671,96.99,230653,4
1091,Tiësto,The Motto,18asYwWugKjjsihZ0YvRxO,0.754,0.763,7,-4.627,0,0.0435,0.0301,2.23e-05,0.0901,0.464,117.953,164819,4
1092,BTS,Run BTS,69xohKu8C1fsflYAiSNbwM,0.724,0.818,8,-3.747,1,0.168,0.0201,0.0,0.0358,0.696,77.004,204940,4
1093,Eyedress,Something About You,6RiiSy9GzSwiyDEJDiMuKe,0.648,0.781,9,-8.736,0,0.0271,0.0332,0.013,0.305,0.822,133.417,153313,4
1094,A$AP Ferg,"Dreams, Fairytales, Fantasies (feat. Brent Faiyaz & Salaam Remi)",5oady7OSE7dH7LHiqmb3Cr,0.737,0.597,7,-7.333,1,0.119,0.292,0.0,0.13,0.449,92.049,222987,4
1095,Kodak Black,Super Gremlin,1Y5Jvi3eLi4Chwqch9GMem,0.825,0.414,2,-6.634,1,0.144,0.00265,0.0,0.357,0.106,72.993,200548,4
1096,Taylor Swift,champagne problems,0sY6ZUTh4yoctD8VIXz339,0.462,0.24,0,-12.077,1,0.0377,0.92,0.0,0.113,0.32,171.319,244000,4
1097,Pop Smoke,Element,57BGVV6wcyhbn3hsjlqEZB,0.772,0.878,2,-4.22,1,0.324,0.0301,2.18e-06,0.251,0.305,61.311,135747,5
1098,$uicideboy$,Champagne Face,1UsvO5U72YRU8Xnq8Lp14O,0.894,0.767,10,-4.695,0,0.137,0.0231,2.36e-05,0.574,0.412,144.077,140289,4
1099,DVRST,Close Eyes,3CLSHJv5aUROAN2vfOyCOh,0.784,0.572,0,-9.853,1,0.0573,0.0748,0.843,0.139,0.209,96.181,132346,4
1100,Lana Del Rey,Doin' Time,0Oqc0kKFsQ6MhFOLBNZIGX,0.641,0.559,7,-11.132,0,0.0355,0.404,0.00402,0.0937,0.523,144.982,202193,4
1101,Conan Gray,Maniac,6KfoDhO4XUWSbnyKjNp9c4,0.628,0.639,8,-5.46,1,0.0435,0.00162,0.0,0.354,0.493,108.045,185773,4
1102,Rex Orange County,Pluto Projector,4EWBhKf1fOFnyMtUzACXEc,0.379,0.219,5,-11.196,1,0.0307,0.707,0.000691,0.118,0.188,79.786,267520,4
1103,JIN,The Astronaut,0h7QMc9ZRzA9QJrbEHytn2,0.54,0.761,5,-5.356,1,0.0311,0.00446,2.5e-06,0.137,0.215,124.988,282463,4
1104,Ivan Cornejo,La Última Vez - Deluxe,1XX3sKKZN3DfWeFpMAc2WX,0.523,0.457,2,-8.213,0,0.0296,0.622,0.0,0.108,0.32,141.922,252166,3
1105,Mitchell Tenpenny,We Got History,6Awl7JBDQjfm7xkS3LkhDi,0.628,0.833,0,-6.327,1,0.0311,0.0014,0.0,0.104,0.309,98.025,203680,4
1106,Yahritza Y Su Esencia,Inseparables,57GWBz1UtT6iei1jrbkovI,0.676,0.441,3,-6.929,1,0.0253,0.726,0.0,0.0884,0.515,140.091,171724,3
1107,Kendrick Lamar,Silent Hill,3lzUeaCbcCDB5IXYfqWRlF,0.907,0.577,1,-6.737,0,0.0767,0.438,3.19e-05,0.137,0.801,140.07,220779,4
1108,Elton John,Hold Me Closer,72yP0DUlWPyH8P7IoxskwN,0.667,0.75,0,-4.602,1,0.0906,0.0746,0.000198,0.197,0.486,126.041,202246,4
1109,Benson Boone,In The Stars,1ei3hzQmrgealgRKFxIcWn,0.362,0.54,10,-6.031,1,0.0528,0.338,0.0,0.139,0.3,78.007,216410,3
1110,Maroon 5,Memories,4cktbXiXOapiLBMprHFErI,0.775,0.327,11,-7.241,1,0.0557,0.841,0.0,0.0821,0.595,91.05,189486,4
1111,"Tyler, The Creator",SWEET / I THOUGHT YOU WANTED TO DANCE (feat. Brent Faiyaz & Fana Hues),3EG9FJ0ToLfgnc1IG2Z1wz,0.468,0.652,0,-4.912,1,0.0722,0.333,0.000318,0.55,0.39,140.223,588139,4
1112,Montell Fish,Fall in Love with You.,4kJT7Yj6Za01KfKHjb7mZE,0.538,0.0203,4,-23.163,1,0.0437,0.92,0.019,0.104,0.103,121.447,132000,3
1113,Julia Michaels,What A Time (feat. Niall Horan),5WtfUKzXircvW8l5aaVZWT,0.516,0.467,0,-6.184,1,0.0302,0.662,0.0,0.0853,0.386,132.861,173307,4
1114,Lil Tecca,LOT OF ME,2ZXxRC6V6AXzMdbLQZMHSB,0.704,0.537,0,-8.565,1,0.302,0.223,0.0,0.122,0.7,77.444,123871,4
1115,Metro Boomin,Lock On Me (with Travis Scott & Future),0OoNzMdPSgbkM5MkcuEZfm,0.746,0.497,10,-8.313,1,0.227,0.511,2.2e-05,0.0988,0.169,93.971,174707,4
1116,Fuerza Regida,Me Acostumbre A Lo Bueno,1hHnCReCPe1FUkGLTeuCaC,0.715,0.739,6,-3.779,0,0.041,0.578,0.0,0.0887,0.963,101.611,140984,3
1117,Gunna,Banking On Me,7Fege3yv4dvehB3NdRBGwI,0.793,0.308,0,-10.414,0,0.0466,0.613,1.68e-05,0.0953,0.46,135.143,200000,4
1118,Harry Styles,Love Of My Life,1mw0RgNXIpYRyyCdBQbLgA,0.555,0.536,7,-8.233,1,0.0452,0.669,0.0,0.0623,0.203,118.057,191638,4
1119,IShowSpeed,World Cup,22TFAU0e7WHAQFGzwneu1e,0.41,0.82,1,-4.252,1,0.376,0.181,0.0,0.679,0.303,81.202,256706,3
1120,Polo G,Chosen 1,40QrLHWdsxyXLAdjJG4Rxs,0.77,0.576,8,-11.845,0,0.339,0.138,0.0,0.08,0.364,166.162,127200,4
1121,Roddy Ricch,Twin (feat. Lil Durk),5B40Td13cDQ4adeAiLf8Z4,0.785,0.609,11,-8.623,0,0.186,0.031,5.47e-05,0.096,0.326,83.962,148855,4
1122,Jack Harlow,Dua Lipa,0LnS7aOdOdI1dNKZqdOLz4,0.833,0.652,11,-6.942,1,0.0762,0.00161,0.0985,0.106,0.405,158.022,135053,4
1123,Josh Abbott Band,Settle Me Down,3CYpmhtAu6DCAwfkYB2mQ9,0.302,0.522,4,-6.737,1,0.0356,0.724,9.46e-06,0.107,0.49,73.369,177083,3
1124,Cian Ducrot,I'll Be Waiting,3fqBhOtYA62A5D20j8OaQY,0.514,0.651,1,-4.039,1,0.043,0.349,0.0,0.0776,0.525,155.913,172547,4
1125,Eem Triplin,AWKWARD FREESTYLE,2ISyz9DRGEMrJN77ge3hi2,0.646,0.465,5,-10.486,0,0.436,0.152,0.0,0.194,0.198,157.919,127765,4
1126,Bad Bunny,Si Veo a Tu Mamá,41wtwzCZkXwpnakmwJ239F,0.9,0.603,2,-5.313,1,0.0646,0.402,4.81e-06,0.134,0.824,129.928,170972,4
1127,Tory Lanez,Broke In A Minute,4xqIYGwwZTEem9U8A42SPF,0.929,0.7,0,-5.595,0,0.0906,0.144,0.0,0.349,0.802,120.009,132024,4
1128,Lizzo,About Damn Time,6HMtHNpW6YPi1hrw9tgF8P,0.836,0.743,10,-6.305,0,0.0653,0.0974,0.0,0.335,0.723,108.965,191938,4
1129,Bad Bunny,Yo No Soy Celoso,5kVZxyMY1gfdCLiChsfjn1,0.872,0.588,0,-6.276,1,0.0492,0.275,0.0,0.17,0.93,142.004,230704,4
1130,Ken Carson,Yale,0HTIrbUwwFn984RzVZm5Fk,0.728,0.442,1,-10.095,1,0.0565,0.000487,8.21e-06,0.149,0.441,142.025,106536,4
1131,Giveon,Like I Want You,6qBFSepqLCuh5tehehc1bd,0.678,0.355,10,-7.757,0,0.0627,0.759,7.06e-05,0.114,0.438,119.772,260776,3
1132,Bakar,Hell N Back,3NRql0A1Ef4RCvT473iqgD,0.584,0.684,10,-4.314,0,0.567,0.312,9.05e-05,0.112,0.72,210.164,213573,4
1133,Los Gemelos De Sinaloa,No Le Aflojo,7ifMxHITc3NIipJO4R5NGb,0.698,0.687,5,-4.115,0,0.0501,0.195,0.0,0.0829,0.773,116.765,202876,4
1134,Baby Keem,trademark usa,15hJmqqEtASVXl6sM7i4UF,0.615,0.6,10,-5.62,1,0.27,0.107,1.61e-06,0.283,0.0661,130.027,270671,4
1135,Jhayco,CÓMO SE SIENTE - Remix,2tFwfmceQa1Y6nRPhYbEtC,0.807,0.606,3,-8.871,0,0.088,0.0946,0.0,0.119,0.304,92.988,227520,4
1136,Harry Styles,Grapejuice,4j6kId9QIqhoXvqHKgSKa0,0.645,0.721,5,-4.394,1,0.0336,0.357,0.143,0.204,0.88,182.928,191959,4
1137,Billie Eilish,Happier Than Ever - Edit,32BeYxKPrig1LefHsC0Xuo,0.334,0.599,0,-5.742,1,0.0365,0.0468,0.000392,0.205,0.127,161.74,151444,3
1138,Sabrina Carpenter,A Nonsense Christmas,7yogx3TwxGwSxO2QITsT2q,0.722,0.75,8,-4.051,1,0.0445,0.00768,0.0,0.128,0.57,139.019,153100,4
1139,Isabel LaRosa,i'm yours sped up,4sFGNz4MYpGoz53ZGCwsiE,0.39,0.752,7,-7.581,0,0.19,0.108,0.00308,0.555,0.637,128.926,127781,1
1140,Chelsea Cutler,Men On The Moon,164LL9rTyEZ6DF0KMgXxsJ,0.552,0.517,8,-7.906,1,0.0245,0.0211,0.00612,0.152,0.105,79.512,220798,4
1141,Connor Price,Violet,3zb9k8UUuKz5tYmKJvNqQA,0.924,0.716,8,-7.158,0,0.0541,0.0177,1.15e-06,0.128,0.48,119.973,122880,4
1142,Harry Styles,Golden,45S5WTQEGOB1VHr1Q4FuPl,0.448,0.838,4,-5.257,0,0.0557,0.21,0.000131,0.131,0.254,139.863,208907,4
1143,21 Savage,Immortal,4IO8X9W69dIQe0EC5ALXhq,0.741,0.87,6,-3.494,0,0.503,0.00813,0.0,0.114,0.663,184.194,254723,4
1144,Tame Impala,Borderline,5hM5arv9KDbCHS0k9uqwjr,0.621,0.873,5,-3.067,0,0.0369,0.0406,9.1e-06,0.0824,0.873,97.96,237800,4
1145,Bad Bunny,Andrea,44XjoNvtwevktFKjvVe1vH,0.797,0.616,1,-10.229,0,0.375,0.762,0.000293,0.0979,0.451,103.071,339612,4
1146,Gwen Stefani,You Make It Feel Like Christmas (with Blake Shelton),3SjaE7SExrVnRZi45KXT3O,0.635,0.87,2,-4.291,0,0.04,0.0152,0.0,0.118,0.912,92.999,156773,4
1147,Junior H,Vamos Para Arriba,7cZoAjj5vufdREBJZGW2lH,0.699,0.51,5,-7.153,0,0.0352,0.498,0.0,0.22,0.625,98.07,172227,3
1148,Chris Lane,Dancin' In The Moonlight (feat. Lauren Alaina),0pnKcAh5binHOP9HexWwnZ,0.589,0.829,8,-4.861,0,0.0332,0.0196,0.0,0.128,0.563,121.998,199000,4
1149,Yeat,Sorry Bout That,4VHkjPgAis9JNfc1URn7zZ,0.73,0.643,6,-7.811,0,0.0984,8.47e-05,0.0,0.203,0.492,141.961,186018,4
1150,Ivan Cornejo,Tatuajes - Deluxe,2b4YJ0j60w3YPIFot0oodu,0.621,0.256,5,-11.78,1,0.0282,0.844,0.000352,0.138,0.205,130.123,198000,4
1151,The Strokes,The Adults Are Talking,5ruzrDWcT0vuJIOMW7gMnW,0.593,0.749,5,-5.67,1,0.0475,0.0113,0.106,0.314,0.649,164.959,309053,4
1152,Nas,"One Mic, One Gun",7CpXFEjLntpr4GdOhTtFEv,0.756,0.916,1,-2.692,1,0.207,0.0351,0.0,0.241,0.458,149.961,169693,4
1153,Lil Nas X,INDUSTRY BABY (feat. Jack Harlow),5Z9KJZvQzH6PFmb8SNkxuk,0.741,0.691,10,-7.395,0,0.0672,0.0221,0.0,0.0476,0.892,150.087,212353,4
1154,Ava Max,Christmas Without You,1QLZKzC2pjP4ySf4ALrNhm,0.654,0.596,1,-4.68,1,0.0458,0.424,0.0,0.11,0.382,118.078,169245,4
1155,Atlus,You're a Fucking Bitch Hope You Know That Shit,06q3sUgkq2k7uhdsi1fczX,0.79,0.66,1,-5.677,0,0.248,0.399,0.0,0.104,0.652,143.904,163156,4
1156,Doja Cat,Kiss Me More (feat. SZA),748mdHapucXQri7IAO8yFK,0.762,0.701,8,-3.541,1,0.0286,0.235,0.000158,0.123,0.742,110.968,208867,4
1157,Yeat,Talk,0ypjMI7vHiDP4sLB1C0Qna,0.698,0.763,4,-4.718,0,0.229,0.0845,0.0,0.54,0.256,139.998,174857,4
1158,DaBaby,ROCKSTAR (feat. Roddy Ricch),7ytR5pFWmSjzHJIeQkgog4,0.746,0.69,11,-7.956,1,0.164,0.247,0.0,0.101,0.497,89.977,181733,4
1159,Conan Gray,Family Line,0iNZGC211wst3VjtobNnC5,0.326,0.397,6,-8.145,1,0.0461,0.619,0.0,0.0979,0.276,153.713,216095,3
1160,$hyfromdatre,6000 Degrees (AH HA),5no1uAP51SFQzZqITUxsfG,0.918,0.517,2,-7.085,1,0.156,0.0365,0.0,0.0998,0.158,131.983,102873,4
1161,Taylor Swift,The Way I Loved You (Taylor’s Version),22bPsP2jCgbLUvh82U0Z3M,0.402,0.732,5,-4.665,1,0.0484,0.0033,0.0,0.108,0.472,161.032,243137,4
1162,21 Savage,Mr. Right Now (feat. Drake),4Q34FP1AT7GEl9oLgNtiWj,0.647,0.667,5,-5.563,1,0.304,0.231,0.0,0.133,0.704,172.08,193839,4
1163,Brett Young,You Didn’t,5Jwcv2Le3Klwgrgyqa12ZA,0.623,0.466,11,-7.6,1,0.0265,0.0421,1.45e-06,0.0996,0.272,81.98,225813,3
1164,Dayglow,Can I Call You Tonight?,61OJxhoY3Ix50rYVKo8zRK,0.641,0.842,9,-7.27,1,0.0292,0.134,0.911,0.419,0.499,129.978,278769,4
1165,Destroy Lonely,NOSTYLIST,42tD9J0KCPFSc1d2hFTvAf,0.567,0.773,11,-5.166,0,0.0775,0.0396,0.0,0.111,0.496,160.08,180000,4
1166,Lewis Capaldi,Pointless,4JBiO7wRnE6ueszEUpo347,0.325,0.59,4,-3.943,1,0.0495,0.0686,0.0,0.104,0.278,180.449,235752,3
1167,Riovaz,Prom Night,7KhJdiu4zbPlhlImRLIyDl,0.813,0.608,7,-9.918,1,0.169,0.355,8.56e-06,0.0963,0.0512,149.251,145899,4
1168,Glass Animals,Heat Waves,6CDzDgIUqeDY5g8ujExx2f,0.761,0.525,11,-6.9,1,0.0944,0.44,6.7e-06,0.0921,0.531,80.87,238805,4
1169,Zach Bryan,November Air,0u9NVrPqUINrHIFCuPOnYm,0.429,0.197,3,-9.798,1,0.032,0.774,3.02e-06,0.146,0.197,128.49,243709,4
1170,Natanael Cano,AMG,1lRtH4FszTrwwlK5gTSbXO,0.772,0.73,11,-6.657,0,0.0972,0.152,0.000107,0.274,0.786,136.175,174943,3
1171,1nonly,Stay With Me,2WYs5LxOZfEyURXu7V0O1a,0.684,0.844,9,-7.649,1,0.335,0.302,0.0,0.374,0.335,126.677,141505,5
1172,Bad Bunny,El Apagón,0UvZcEfpzVyx47QsRbjyBz,0.629,0.698,8,-4.485,1,0.308,0.0509,0.00166,0.0909,0.599,117.765,201816,4
1173,Shakira,Te Felicito,2rurDawMfoKP4uHyb2kJBt,0.695,0.636,5,-4.654,1,0.317,0.234,0.0,0.081,0.575,174.14,172235,4
1174,Måneskin,THE LONELIEST,1Ame8XTX6QHY0l0ahqUhgv,0.519,0.595,2,-5.001,1,0.0283,0.00151,0.0,0.0762,0.237,129.786,247067,4
1175,Baby Keem,lost souls (with Brent Faiyaz),02rdXe0KhMe8p6ZHzYtuw0,0.649,0.347,1,-7.67,0,0.404,0.485,3.24e-05,0.154,0.176,169.994,269728,4
1176,Taylor Swift,exile (feat. Bon Iver),4pvb0WLRcMtbPGmtejJJ6y,0.298,0.38,6,-8.426,1,0.0287,0.778,5.62e-05,0.11,0.152,75.602,285634,4
1177,$uicideboy$,BUCKHEAD,5dol1hrERJOReznLRJ2VVQ,0.759,0.833,11,-5.01,1,0.0779,0.00026,0.0573,0.178,0.522,140.026,183919,4
1178,Hozier,Would That I,37zuIvk4KBkAxxLJsxJaHq,0.521,0.526,5,-6.032,1,0.0281,0.243,0.00537,0.108,0.502,130.694,268293,4
1179,Fuerza Regida,911 - En Vivo,1O0IFR3MYqgQbziKTCf0X4,0.641,0.517,0,-5.472,1,0.0673,0.528,0.0,0.136,0.642,127.902,175424,4
1180,Elle King,Drunk (And I Don't Wanna Go Home),0QULNNd9z5s35entfiiXoa,0.612,0.884,5,-4.4,1,0.0459,0.00516,0.0,0.0997,0.626,119.991,245626,4
1181,TWICE,Talk that Talk,0RDqNCRBGrSegk16Avfzuq,0.772,0.907,3,-2.438,0,0.124,0.136,0.0,0.334,0.783,119.973,177467,4
1182,XXXTENTACION,Riot,4aOOExMBUyxKnEYb39SrTg,0.509,0.542,3,-8.027,0,0.442,0.019,0.00639,0.23,0.151,97.767,78681,4
1183,Juice WRLD,Already Dead,1hB3M3POeKMLxcEFEvPeqU,0.744,0.495,1,-6.311,1,0.0634,0.0216,0.0,0.111,0.128,83.51,231221,4
1184,Juice WRLD,Stay High,21CkzgKCBCq5V4XKjiGSIj,0.745,0.5,8,-6.184,1,0.135,0.439,0.0,0.0943,0.433,76.968,168685,4
1185,Polo G,Flex (feat. Juice WRLD),2QqJTIlGKRLJC3onkavYEz,0.752,0.673,10,-5.792,0,0.153,0.0538,0.0,0.133,0.35,164.009,163902,4
1186,Drake,Champagne Poetry,2HSmyk2qMN8WQjuGhaQgCk,0.423,0.667,6,-7.012,0,0.326,0.758,0.0,0.246,0.496,86.743,336511,4
1187,Los Gemelos De Sinaloa,Andamos Mejor,3K56RPWS4q200IwHiIZcUD,0.855,0.59,9,-8.55,1,0.0751,0.28,0.0982,0.149,0.283,110.016,137184,4
1188,Lizzo,2 Be Loved (Am I Ready),2rmwqU7yzTvzkiaRV53DpT,0.721,0.769,7,-4.111,1,0.105,0.0922,0.0,0.0817,0.915,155.932,187108,4
1189,Zach Bryan,From Austin,6k07Z7rd9og1FvRJD2n9E8,0.5,0.485,0,-7.94,1,0.0422,0.633,1.26e-06,0.107,0.379,109.755,207453,4
1190,Selena Gomez,My Mind & Me,0XER3HPMx223xWaAgNKp4Y,0.6,0.389,9,-5.727,1,0.0337,0.566,0.0,0.0826,0.244,143.577,147597,4
1191,Maddie & Tae,Every Night Every Morning,4qbibbQ1yK0rPl0JUJS0bz,0.618,0.75,7,-4.608,1,0.0287,0.00799,0.0,0.141,0.619,123.885,196890,4
1192,Stephen Sanchez,Until I Found You,6VhuP99TE6gYNQRJIlAWFD,0.346,0.5,10,-6.097,1,0.0388,0.757,0.0,0.189,0.191,202.466,176667,3
1193,Nardo Wick,Me or Sum (feat. Future & Lil Baby),2HHLfzE7PkljuqyYU4vwmh,0.534,0.573,1,-6.757,1,0.414,0.00926,0.0,0.136,0.373,160.333,225533,4
1194,Ozuna,Hey Mor,6Rpbzk2LC8xWZI93RyodAq,0.901,0.589,1,-6.713,0,0.289,0.00302,0.000237,0.0992,0.399,98.002,196600,4
1195,Dreamville,Under The Sun (with J. Cole & Lute feat. DaBaby),6MF4tRr5lU8qok8IKaFOBE,0.691,0.64,0,-6.441,1,0.369,0.511,0.0,0.409,0.163,138.672,202040,4
1196,Lizzy McAlpine,ceilings,2L9N0zZnd37dwF0clgxMGI,0.516,0.322,9,-11.762,1,0.0292,0.473,0.00194,0.215,0.261,148.005,182888,3
1197,Beach Bunny,Cloud 9,6vFsBXYczYsP0H3lgunZOm,0.637,0.929,4,-3.593,1,0.0491,0.00167,2.62e-05,0.344,0.902,80.974,147351,4
1198,Alec Benjamin,Devil Doesn’t Bargain,1zu2GKHPJIsUu80SUJX4H4,0.448,0.606,3,-4.565,1,0.0609,0.577,0.0,0.217,0.483,121.15,163613,4
1199,Jason Aldean,That's What Tequila Does,6kCFt2ATuMIE5H9zVEJXei,0.522,0.801,5,-5.424,1,0.1,0.224,0.0,0.301,0.491,155.928,189307,3
1200,Noah Kahan,Northern Attitude,4O2rRsoSPb5aN7N3tG6Y3v,0.512,0.636,3,-8.087,1,0.0469,0.113,3.8e-05,0.104,0.312,121.431,267256,4
1201,Bad Bunny,Un Verano Sin Ti,18HOjcvTVV7W8YzBuOsAPS,0.503,0.496,5,-9.123,0,0.0556,0.693,0.0,0.123,0.412,187.844,148143,4
1202,Lil Tjay,Headshot (feat. Polo G & Fivio Foreign),4eNOLmx8r2IJAVKvBBL1jv,0.808,0.639,1,-7.266,0,0.279,0.0802,0.0,0.15,0.395,118.0,144349,4
1203,Lee Brice,Soul,3vCUelLOtiuNF78p9LNWZF,0.789,0.642,11,-8.304,1,0.0352,0.357,0.0,0.0985,0.755,121.003,167680,4
1204,Conan Gray,People Watching,3TFoEJe5zNuHZStRboWPxg,0.53,0.592,5,-7.281,1,0.0534,0.381,0.0,0.294,0.544,125.721,158537,4
1205,G Herbo,PTSD,1C8ux1YWLMHCenYJFiIV4Z,0.883,0.808,1,-3.158,0,0.182,0.0313,0.0,0.207,0.806,119.01,232065,4
1206,Ice Spice,Munch (Feelin’ U),1jOgJN75btuUONIdf57vHz,0.811,0.528,11,-7.278,0,0.275,0.291,0.0,0.0787,0.635,166.084,104819,4
1207,Kodak Black,Love & War,293mQGfVwgXIOdA1GpiwAt,0.762,0.649,11,-5.624,0,0.0527,0.58,1.7e-05,0.0971,0.501,145.09,239146,4
1208,Juice WRLD,Righteous,5dOxHHMOFAbG3VH23t0xNm,0.706,0.625,0,-7.426,1,0.0314,0.0417,0.0,0.129,0.225,142.948,242181,4
1209,Dustin Lynch,Thinking 'Bout You (feat. MacKenzie Porter),4wBjKhJx6JnGoNJfJs24pd,0.403,0.711,8,-4.189,1,0.0569,0.137,0.0,0.109,0.801,203.803,170560,4
1210,Joji,Feeling Like The End,1abwytAhbWeHrbsA9eODOy,0.794,0.668,2,-7.689,1,0.0646,0.299,0.00104,0.0899,0.632,148.016,102480,4
1211,Noah Kahan,All My Love,7ByxizhA4GgEf7Sxomxhze,0.637,0.651,2,-7.089,1,0.0521,0.32,0.0,0.0938,0.485,115.926,251511,4
1212,Playboi Carti,New Tank,4txKMpsSfZRV6durPuHVq0,0.819,0.638,10,-4.831,0,0.226,0.031,0.000116,0.152,0.167,150.993,89741,4
1213,Faye Webster,Kingston,5WbfFTuIldjL9x7W6y5l7R,0.73,0.355,10,-9.13,0,0.0359,0.154,0.00155,0.117,0.56,142.143,202653,4
1214,$uicideboy$,Sorry for the Delay,49YpGS0rVcRLtiDvx5JQyp,0.787,0.889,2,-3.125,1,0.128,0.00951,0.000322,0.652,0.677,156.027,172400,4
1215,Fuerza Regida,Ch y la Pizza,1ySH55O0zbQBR77q8wQEyn,0.661,0.6,8,-4.495,1,0.125,0.401,0.0,0.141,0.848,148.666,136913,3
1216,Kendrick Lamar,Count Me Out,6BU1RZexmvJcBjgagVVt3M,0.776,0.431,4,-7.544,0,0.091,0.671,0.0,0.153,0.495,133.999,283642,4
1217,Grupo Firme,Calidad,0uBcoM4zxRXk7kmsmxoiFS,0.731,0.491,0,-3.116,1,0.029,0.609,0.0,0.262,0.781,132.891,170053,3
1218,Harry Styles,Daydreaming,69w5X6uTrOaWM32IetSzvO,0.707,0.811,4,-5.298,0,0.0304,0.311,0.0152,0.131,0.899,113.971,187342,4
1219,Hitkidd,F.N.F. (Let's Go),1vrFJDrysqmsNAgyjBzx4f,0.864,0.476,1,-10.068,1,0.436,0.0374,0.0,0.374,0.647,157.144,137580,4
1220,Leah Kate,10 Things I Hate About You,6Jkm5kUldvIqxzI1Pa7nXH,0.544,0.786,8,-2.97,1,0.0501,0.00991,0.0,0.169,0.446,153.967,157138,4
1221,Olivia Rodrigo,"1 step forward, 3 steps back",4wcBRRpIfesgcyUtis7PEg,0.473,0.203,2,-12.627,1,0.102,0.941,0.0,0.126,0.419,168.884,163587,4
1222,XXXTENTACION,bad vibes forever,03eJ2DclFWXYU8GWgANdmZ,0.8,0.526,8,-5.153,1,0.0716,0.334,0.00174,0.0571,0.746,129.874,150475,4
1223,NLE Choppa,Slut Me Out,5BmB3OaQyYXCqRyN8iR2Yi,0.938,0.606,6,-6.396,0,0.419,0.117,0.0,0.528,0.706,121.108,123673,4
1224,Drake,I Guess It’s Fuck Me,31bsuKDOzFGzBAoXxtnAJm,0.385,0.34,7,-11.754,1,0.051,0.499,1.2e-05,0.196,0.0398,83.947,263988,4
1225,Zach Bryan,Snow,6K4336phprB3Mj8qwYxibR,0.557,0.0736,1,-15.741,1,0.0568,0.806,0.0,0.099,0.196,155.294,178573,4
1226,The Neighbourhood,Pretty Boy,7IL8PSVwLOJxqYne6azxQv,0.578,0.386,6,-11.464,1,0.0278,0.208,0.0453,0.307,0.569,154.902,234093,4
1227,The Weeknd,Less Than Zero,2D4dV2KXDTszzJ3p3cFqhA,0.535,0.791,0,-5.55,1,0.0327,0.00096,0.000155,0.0788,0.5,142.981,211814,4
1228,Lil Baby,Forever (feat. Fridayy),1T4k0sw0HldDg004Kw4Oct,0.462,0.251,4,-12.072,0,0.159,0.414,0.0,0.201,0.137,89.705,167977,3
1229,YoungBoy Never Broke Again,Nevada,2cEnKRR4dYBB2VA1mjlb1z,0.777,0.59,0,-8.741,0,0.286,0.397,0.0,0.169,0.238,147.978,155738,4
1230,NewJeans,Cookie,2DwUdMJ5uxv20EhAildreg,0.847,0.638,0,-3.764,1,0.0575,0.0596,0.0,0.0894,0.661,156.935,235562,4
1231,Stevie Wonder,Someday At Christmas,2X5noCM9Klrm4zXfyyPdRN,0.33,0.44,5,-9.858,1,0.0296,0.603,0.0,0.481,0.228,98.567,168413,4
1232,Pentatonix,Kid On Christmas (feat. Meghan Trainor),5glU2EWqa5hpYqGPboSNjV,0.419,0.817,2,-4.704,1,0.0468,0.0243,0.0,0.251,0.317,78.107,202600,4
1233,Rod Wave,Alone,5ie5OPdaP9fivYaKcjwKF1,0.596,0.545,3,-6.911,0,0.0368,0.703,0.0,0.0811,0.0923,82.07,191159,4
1234,Bad Bunny,TE MUDASTE,5RubKOuDoPn5Kj5TLVxSxY,0.811,0.637,10,-4.835,0,0.0591,0.234,0.000572,0.118,0.471,92.025,130014,4
1235,Ivan Cornejo,Ya Te Perdí - Deluxe,4Nvm7kFymlxLeF5Qd69nuB,0.55,0.352,8,-9.236,1,0.0272,0.469,7.48e-05,0.119,0.169,123.794,264300,4
1236,Stephen Dawes,Teenage Dream,3Y2MvObZdPakD1X71KOxCD,0.615,0.361,10,-9.57,1,0.028,0.38,0.0,0.0844,0.244,111.991,177857,4
1237,Montell Fish,Hotel,0JzG1wJuB4v9UPkSE7LMXi,0.228,0.427,0,-8.739,0,0.0363,0.752,0.0167,0.592,0.192,180.345,197333,4
1238,Stray Kids,CASE 143,3O8G8eVrhfXTGttyQ1xVuq,0.812,0.89,6,-2.661,0,0.209,0.0961,0.0,0.0222,0.69,100.006,191965,4
1239,Steve Lacy,Bad Habit - Sped Up,4i7HqWsN7iJzsXpsW5h1nb,0.709,0.679,9,-4.828,1,0.0588,0.808,4.61e-05,0.428,0.852,102.653,191336,4
1240,Bad Bunny,Dos Mil 16,4d4ZXH4dr5bYfgErHiZCX2,0.817,0.67,1,-6.534,1,0.0506,0.123,1.92e-06,0.128,0.495,130.058,208615,3
1241,hemlocke springs,girlfriend,0Dl965SLJGi9bB0SrvtPRx,0.763,0.759,11,-3.925,0,0.0906,0.218,4.24e-05,0.0724,0.964,146.006,133151,4
1242,HARDY,TRUCK BED,73NzYbpaYvQ7JfpjztFESL,0.662,0.77,0,-4.887,1,0.0367,0.0875,0.0,0.35,0.769,132.057,167535,4
1243,Kanye West,Praise God,0WSEq9Ko4kFPt8yo3ICd6T,0.798,0.545,1,-6.466,1,0.168,0.00904,9.48e-05,0.258,0.212,118.029,226653,4
1244,Drake,What’s Next,3aQem4jVGdhtg116TmJnHz,0.781,0.594,0,-6.959,0,0.0485,0.0136,0.0,0.162,0.0628,129.895,178154,4
1245,Dan + Shay,Take Me Home For Christmas,72HP2M4jjw4t0AIGdEVGEF,0.694,0.769,6,-4.665,1,0.0325,0.163,0.0,0.0976,0.663,93.033,203880,4
1246,Beyoncé,ALIEN SUPERSTAR,1Hohk6AufHZOrrhMXZppax,0.545,0.641,10,-6.398,0,0.0998,0.00453,6.59e-05,0.171,0.464,121.892,215460,4
1247,Lewis Capaldi,Bruises,4Of7rzpRpV1mWRbhp5rAqG,0.736,0.308,4,-7.83,1,0.0677,0.946,0.0,0.186,0.361,111.202,220492,4
1248,Falling In Reverse,Popular Monster,4GssB27iJeqmfGxS94Tfij,0.461,0.897,3,-3.982,0,0.092,0.00821,0.0,0.0965,0.358,165.107,220537,4
1249,Morgan Wallen,Bandaid On A Bullet Hole,1RvoRAL612adAVrPUoAMHR,0.543,0.48,2,-6.745,1,0.0301,0.794,0.0,0.119,0.391,154.78,234333,3
1250,Scotty McCreery,It Matters To Her,4aSRUXfKuBbmje0eXNukuL,0.516,0.752,7,-5.09,1,0.0333,0.00528,3.78e-05,0.251,0.482,105.007,171880,4
1251,$uicideboy$,Center Core Never More,67IECOggWzBnCERhbOlTRp,0.655,0.782,8,-6.825,1,0.392,0.0105,0.00367,0.12,0.372,167.003,164723,4
1252,Juice WRLD,Sometimes,3i6sCTU7ENlnHpHvrHUitW,0.674,0.58,8,-4.866,1,0.0311,0.0609,0.0,0.159,0.0759,121.987,259672,4
1253,OneRepublic,Sunshine,5r43qanLhUCdBj8HN3fa6B,0.697,0.875,5,-4.621,1,0.034,0.137,0.0,0.28,0.774,140.069,163855,4
1254,Lost Frequencies,Where Are You Now,3uUuGVFu1V7jTQL60S1r8z,0.671,0.636,6,-8.117,0,0.103,0.515,0.000411,0.172,0.262,120.966,148197,4
1255,BoyWithUke,Sick of U (with Oliver Tree),5IXdkgrT4lb9sKIb8tbOQ3,0.676,0.814,0,-3.213,1,0.0585,0.277,0.0,0.0953,0.601,92.554,168676,4
1256,ROSALÍA,DESPECHÁ RMX,4CD623yLJVvKJxUyzaTqtC,0.954,0.582,9,-5.744,0,0.0727,0.235,1.26e-06,0.0572,0.884,130.008,170828,4
1257,Bad Bunny,DÁKITI,4MzXwWMhyBbmu6hOcLVD49,0.731,0.573,4,-10.059,0,0.0544,0.401,5.22e-05,0.113,0.145,109.928,205090,4
1258,A Boogie Wit da Hoodie,Me and My Guitar,6cZH4rX1KTt1aJ3Ql6Ynja,0.644,0.587,7,-6.736,0,0.353,0.473,0.0,0.0759,0.68,173.972,161765,4
1259,Don Toliver,Do It Right,4ZevD501qZiFK7FY8DFn0V,0.662,0.515,5,-6.867,1,0.199,0.458,0.0,0.163,0.386,69.808,174474,4
1260,Yeat,Poppin,3wn8nOygkHLUQ9dlXM1rKW,0.705,0.613,7,-7.441,1,0.123,0.262,6.97e-06,0.198,0.259,74.521,167187,4
1261,Charlie Puth,Light Switch,1jEBSDN5vYViJQr78W7jr2,0.689,0.627,6,-5.692,1,0.308,0.105,0.000321,0.0905,0.905,184.008,187704,4
1262,Lil Durk,Broadway Girls (feat. Morgan Wallen),7qTaDOcld0VmBWXnkbUj45,0.659,0.745,10,-3.599,1,0.0347,0.0417,0.0,0.296,0.54,74.967,185600,4
1263,Cris Mj,Una Noche en Medellín,1O2pcBJGej0pmH2Y9XZMs6,0.87,0.548,10,-5.253,0,0.077,0.0924,4.6e-05,0.0534,0.832,96.018,153750,4
1264,Morgan Wallen,Somebody’s Problem,42lqBjPYlmL1EXpMDXvhSN,0.658,0.538,5,-7.676,1,0.0289,0.657,0.0,0.123,0.62,136.967,161773,4
1265,Lil Tecca,Love Me,4e0FYxSROat25pH16zMTZI,0.719,0.538,11,-6.897,0,0.28,0.632,0.0,0.135,0.803,204.132,117013,4
1266,Pop Smoke,Got It On Me,25zlnOAzbVoOzIeXSvQFf1,0.688,0.647,2,-7.258,1,0.19,0.00815,1.65e-05,0.095,0.195,88.834,164580,4
1267,Rod Wave,Street Runner,5iMRhOHzze2CujxHiJ6cRL,0.599,0.61,5,-8.633,0,0.24,0.213,0.000414,0.151,0.434,159.933,252021,4
1268,Drake,Time Flies,5H4mXWKcicuLKDn4Jy0sK7,0.864,0.477,10,-5.786,1,0.224,0.201,0.0,0.182,0.5,86.46,192932,4
1269,Lil Tecca,Our Time,2WxUIiq06XXPYWl9YcRJnD,0.895,0.439,5,-12.142,0,0.319,0.199,0.0,0.0683,0.633,109.988,98413,4
1270,Young Dolph,Get Away,65nmqAEqW7CJIkXOIkxyg8,0.839,0.642,1,-5.581,1,0.0535,0.0431,6.76e-05,0.148,0.211,140.078,180760,4
1271,Adele,Easy On Me,46IZ0fSY2mpAiktS3KOqds,0.604,0.366,5,-7.519,1,0.0282,0.578,0.0,0.133,0.13,141.981,224695,4
1272,Billie Eilish,The 30th,5SHpuW2qjkQtFRpE6P9Nks,0.387,0.135,7,-14.398,1,0.051,0.929,0.0,0.0948,0.21,82.987,216448,4
1273,Lil Tjay,Give You What You Want,6PQK1Y3Dl6dym9pj0y9Chy,0.691,0.656,10,-5.673,0,0.0679,0.222,0.00111,0.153,0.393,89.467,159331,4
1274,$NOT,GOSHA,0j8ppsOOawdPCJnSTcXgOy,0.847,0.448,0,-10.14,1,0.416,0.81,1.35e-05,0.325,0.488,79.975,120000,4
1275,Dan + Shay,You,2xPV95cfbyusygMTxpa3SW,0.544,0.572,0,-6.205,1,0.0319,0.118,0.0,0.234,0.52,169.885,196253,4
1276,Ashley Cooke,Never Til Now (feat. Brett Young),4232gJU5ljjFmKaPh0cKds,0.382,0.408,10,-7.552,1,0.0407,0.75,0.0,0.127,0.128,77.063,173534,4
1277,Taylor Swift,right where you left me - bonus track,3zwMVvkBe2qIKDObWgXw4N,0.581,0.619,10,-6.524,1,0.0282,0.769,0.000106,0.117,0.645,137.915,245027,4
1278,dkj,Aces,4pV6Kx1T9L49PBFwH1g8ca,0.602,0.537,10,-11.389,0,0.0332,0.00118,0.947,0.289,0.428,139.94,122250,4
1279,Bee Gees,Stayin Alive,5ubvP9oKmxLUVq506fgLhk,0.702,0.773,10,-9.256,0,0.0343,0.0288,0.00871,0.147,0.953,103.564,285373,4
1280,Kanye West,Moon,7CC6UbCs4iGsePSzFxYxNn,0.319,0.236,5,-9.644,1,0.0318,0.898,1.62e-05,0.272,0.254,162.351,156091,4
1281,IVE,LOVE DIVE,0Q5VnK2DYzRyfqQRJuUtvi,0.703,0.709,1,-4.169,0,0.0433,0.00379,5.43e-05,0.333,0.538,117.941,177187,4
1282,Elton John,Cold Heart - PNAU Remix,7rglLriMNBPAyuJOMGwi39,0.795,0.8,1,-6.32,1,0.0309,0.0354,7.25e-05,0.0915,0.934,116.032,202735,4
1283,Kay Flock,PSA,6T5i0o62ZyfHRRHHihYJ1n,0.872,0.77,1,-6.722,1,0.538,0.0591,0.0,0.0663,0.817,147.061,113600,4
1284,RM,Wild Flower (with youjeen),1AZjCZSGEjlxUufFQwSszF,0.486,0.766,8,-5.821,1,0.0938,0.0282,0.0,0.123,0.417,154.992,273500,4
1285,Rauw Alejandro,Desesperados,6mmPpaltUZK7xjNlBPQQ0p,0.869,0.694,1,-3.35,0,0.0783,0.356,0.00125,0.0878,0.511,90.02,224997,4
1286,Tems,Free Mind,2mzM4Y0Rnx2BDZqRnhQ5Q6,0.562,0.463,6,-7.478,1,0.0787,0.442,0.000145,0.157,0.416,125.15,247579,5
1287,Swedish House Mafia,Moth To A Flame (with The Weeknd),0VO8gYVDSwM1Qdd2GsMoYK,0.553,0.659,8,-7.295,1,0.0391,0.0027,0.0,0.105,0.105,120.146,234000,4
1288,Zach Bryan,Letting Someone Go,6Wxx1jXr6EyGdt8RuYFzvj,0.543,0.117,0,-15.153,1,0.0389,0.811,0.0,0.147,0.395,83.607,239761,4
1289,Juice WRLD,Hate The Other Side (with Marshmello & The Kid Laroi),0ada5XsQGLPUVbmTCkAP49,0.701,0.65,6,-6.313,1,0.104,0.291,0.0,0.112,0.647,90.003,160212,4
1290,Kaash Paige,Love Songs - Bonus,6qL5UWxRSQYml9O99ozoLv,0.641,0.355,5,-10.599,1,0.0906,0.831,0.000855,0.11,0.453,120.032,148640,4
1291,The Kid LAROI,Thousand Miles,1r8ZCjfrQxoy2wVaBUbpwg,0.376,0.657,7,-4.658,1,0.0768,0.0858,0.0,0.0884,0.203,80.565,164782,4
1292,Cardi B,Hot Shit (feat. Ye & Lil Durk),3uJFmluXzYedoJcvhpC1AW,0.878,0.685,9,-5.28,1,0.225,0.00152,0.0,0.0753,0.523,157.003,211649,4
1293,ERNEST,Flower Shops (feat. Morgan Wallen),2ccuOtUjIyx3tPcsnpeBzJ,0.527,0.461,7,-5.908,1,0.0269,0.118,0.0,0.0831,0.227,128.153,214405,3
1294,Brent Faiyaz,"GRAVITY (FEAT. TYLER, THE CREATOR)",3zakx7RAwdkUQlOoQ7SJRt,0.541,0.619,1,-8.746,0,0.254,0.167,0.00633,0.144,0.491,163.908,214693,4
1295,Only The Family,Hellcats & Trackhawks,53tv6ZbyeAwfAUwFaxYbfO,0.841,0.672,1,-5.557,0,0.371,0.0122,0.0,0.321,0.599,157.026,146845,4
1296,Lil Tjay,Beat the Odds,2BJWxD8xKrDv8vneTvTIm9,0.498,0.625,8,-7.452,0,0.342,0.054,0.0,0.175,0.478,84.821,150000,4
1297,Reneé Rapp,In The Kitchen,2VFetGqLYq0Pc8ZtRYCaeL,0.364,0.294,0,-6.578,0,0.0504,0.833,0.0,0.264,0.125,79.477,227749,3
1298,MAVI,"Love, of Money",2XILilAwcXHdGwZLNHteue,0.371,0.655,0,-9.901,1,0.0771,0.0526,2.14e-06,0.168,0.855,147.794,64766,4
1299,Oscar Maydon,Los Collares,46FdwGMcgz6gik4RCpWBAW,0.645,0.712,1,-5.787,1,0.188,0.208,0.0,0.3,0.805,136.724,148793,3
1300,CORPSE,HOT DEMON B!TCHES NEAR U ! ! !,7v4pPS4A7NgY7bxFA3Etv3,0.788,0.764,7,-4.054,1,0.254,0.00918,0.0,0.224,0.841,100.095,96000,4
1301,Grupo Firme,Ya Supérame (En Vivo),6HIIuuUIEzH1meVdGbMXyf,0.436,0.4,0,-6.521,1,0.11,0.463,0.0,0.76,0.568,75.576,189050,3
1302,Kendrick Lamar,Father Time (feat. Sampha),28qA8y1sz0FTuSapsCxNOG,0.514,0.779,10,-4.365,0,0.344,0.181,0.0,0.099,0.517,152.869,222497,4
1303,Key Glock,Ambition For Cash,4mIHgQ3ofK2RK34UdbqMbe,0.841,0.732,7,-5.186,0,0.19,0.0115,2.18e-05,0.136,0.576,149.012,143480,4
1304,DJ Khaled,STAYING ALIVE (feat. Drake & Lil Baby),0g2Bbgy7P41pFjMWJuzsf4,0.718,0.461,4,-7.676,0,0.0797,0.068,0.0,0.283,0.181,129.953,178176,4
1305,Eden Muñoz,Como Quieras Quiero,7MyOq9tWhL9bGHeeG5Iz5p,0.555,0.707,10,-7.665,1,0.12,0.644,1.07e-05,0.101,0.963,185.914,122097,3
1306,YoungBoy Never Broke Again,Vette Motors,0HrWshW3SuFJ6nKS9ba9Mh,0.83,0.644,10,-5.431,0,0.407,0.0298,0.0,0.11,0.227,155.103,173419,4
1307,Zach Bryan,Fifth of May,1wLNEMiUzwvRZz9XHCXhAE,0.596,0.544,4,-7.039,1,0.0341,0.391,3.06e-06,0.129,0.707,136.728,178151,4
1308,Jaah SLT,Tuff,5nCg0pD9BpWouChvS8eMSO,0.939,0.23,5,-13.924,1,0.137,0.255,0.0,0.0574,0.549,99.941,124960,4
1309,Imagine Dragons,Enemy (with JID) - from the series Arcane League of Legends,3CIyK1V4JEJkg02E4EJnDl,0.728,0.783,11,-4.424,0,0.266,0.237,0.0,0.434,0.555,77.011,173381,4
1310,Lil Tecca,Did It Again,4guBZjUyrGoHsTahO3IHdj,0.686,0.561,10,-9.929,0,0.191,0.185,0.0,0.114,0.186,148.775,116240,4
1312,Chris Jedi,La Llevo Al Cielo (Ft. Ñengo Flow),6DoL1yYIwEW7VZMRaJhoJI,0.795,0.845,9,-3.809,0,0.135,0.105,1.14e-05,0.172,0.769,170.023,254920,4
1313,Kelsea Ballerini,IF YOU GO DOWN (I'M GOIN' DOWN TOO),1jX9wlAgVkAl0fCZqkCI73,0.676,0.856,11,-4.35,1,0.0393,0.454,0.0,0.141,0.965,144.092,166036,4
1314,Olivia Rodrigo,enough for you,2TOzTqQXNmR2zDJXihjZ2e,0.638,0.259,7,-10.706,1,0.0898,0.753,0.0,0.219,0.269,88.485,202827,4
1315,Cavetown,Juliet,45ROR8UMn60YEVQnDy0uVF,0.546,0.586,6,-8.488,1,0.0313,0.00346,0.00114,0.0562,0.364,131.778,278991,4
1316,Billie Eilish,listen before i go,0tMSssfxAL2oV8Vri0mFHE,0.319,0.0561,0,-23.023,1,0.045,0.935,0.00384,0.388,0.082,79.764,242652,3
1317,Mac Miller,Blue World,2hwOoMtWPtTSSn6WHV7Vp5,0.742,0.553,8,-8.98,1,0.419,0.389,0.0,0.0694,0.508,84.931,209440,4
1318,Miranda Lambert,Strange,6BWOWBSalJEp7woRZSyiMb,0.723,0.633,6,-6.982,1,0.0332,0.0551,1.93e-05,0.0665,0.498,112.022,211227,4
1319,42 Dugg,4 Da Gang (with Roddy Ricch),1mAey8kEPmDM2icL56kS9d,0.87,0.561,7,-10.388,1,0.186,0.0124,0.0,0.103,0.691,100.458,156368,4
1320,Germ,AWKWARD CAR DRIVE,3aEDTqPcVXDiuKXaedAZgx,0.81,0.438,8,-9.587,1,0.58,0.0134,0.0,0.0851,0.137,82.943,109898,4
1321,Christian Nodal,Ya No Somos Ni Seremos,0UXlu64mDLvfzR8IXMz06J,0.588,0.452,7,-4.75,1,0.0268,0.437,0.0,0.344,0.734,139.953,185723,4
1322,Daddy Yankee,X ÚLTIMA VEZ,48AJSd42lXpicsGqcgopof,0.812,0.855,7,-3.725,1,0.0554,0.0789,0.000167,0.108,0.573,90.04,192477,4
1323,Polo G,I Know,40j4RoqmLiivqzRObbQ4BF,0.807,0.665,5,-5.249,0,0.276,0.0919,0.0,0.0788,0.557,164.964,176575,4
1324,JVKE,this is what heartbreak feels like,4RxdAzEmkPXTiIU6ULLoXh,0.707,0.474,1,-4.603,1,0.0672,0.578,0.0,0.11,0.538,109.991,157636,4
1325,Brightlo,Pink Noise for Dreaming,1Tjrhay8eQSfkOcqVh7PiQ,0.167,0.113,1,-37.027,1,0.0649,0.911,0.94,0.112,0.148,124.716,193250,5
1326,Polo G,Distraction,1oc92BMKYkNxK17C2GtyRM,0.713,0.689,11,-5.99,1,0.255,0.16,0.0,0.136,0.63,156.934,171319,4
1327,J Balvin,QUE PRETENDES,25ZAibhr3bdlMCLmubZDVt,0.639,0.791,10,-4.443,0,0.253,0.0275,0.0,0.362,0.939,92.603,222347,4
1328,Zach Bryan,Revival,2QfX9Pdz3q66fN3kCXl0Js,0.464,0.366,7,-9.025,1,0.047,0.772,1.58e-05,0.0949,0.328,78.846,221250,4
1329,Bad Bunny,Aguacero,2uflssWlCaJ6CbTMOsUpNI,0.861,0.645,6,-6.96,0,0.0743,0.423,0.000592,0.349,0.668,121.391,210989,5
1330,Jon Pardi,Your Heart Or Mine,7ETjhPaIU4UmHOiimJBZz9,0.639,0.713,5,-4.368,0,0.0337,0.0539,0.0,0.102,0.717,86.1,161200,4
1331,Harry Styles,Cinema,35TyJIMR3xRouUuo2sjS6v,0.829,0.644,9,-7.696,0,0.0427,0.354,0.0511,0.0944,0.896,105.993,243508,4
1332,Hailee Steinfeld,Coast (feat. Anderson .Paak),1l4iQsOZ5sOXZPMQLvouaB,0.701,0.875,11,-4.1,1,0.0757,0.0262,7.32e-06,0.137,0.84,111.976,166720,4
1333,Polo G,Go Stupid,4PklAHGXT5ityno3IA8SKd,0.92,0.833,1,-3.18,1,0.253,0.0277,0.0,0.0596,0.645,141.034,165726,4
1334,$uicideboy$,Genesis,2UbMJbQq6G0TJnmnubgolV,0.55,0.762,0,-7.861,1,0.32,0.0109,0.00179,0.398,0.347,200.211,162138,4
1335,Tate McRae,uh oh,6qmvAJSUfVGMubvI2awW7p,0.625,0.604,10,-7.415,0,0.339,0.257,2.06e-05,0.129,0.372,174.089,169722,4
1336,Muni Long,Hrs & Hrs,3ncmoWTwJgx63LwMTyBCXf,0.52,0.546,8,-4.991,0,0.213,0.579,0.0,0.112,0.634,137.419,204317,3
1337,Lil Tecca,Ransom (with Juice WRLD) - Remix,2WsuSYJNXGKXVYkHPnq2yp,0.684,0.671,2,-6.424,0,0.289,0.0119,0.0,0.0769,0.45,179.987,171253,4
1338,Bad Bunny,Safaera,2DEZmgHKAvm41k4J3R2E9Y,0.607,0.829,2,-4.074,1,0.379,0.0103,0.0,0.107,0.685,96.172,295177,4
1339,Adelmar Borrego,"Twinkle, Twinkle, Little Star",147gCksvDRmjG1pO51ZCcf,0.443,0.0248,11,-25.351,1,0.0622,0.996,0.967,0.12,0.52,68.123,100562,4
1340,$uicideboy$,Fucking Your Culture,2gkVweydDn7MmHmqXAlEzk,0.752,0.807,11,-4.386,1,0.172,0.0146,0.000376,0.8,0.442,87.507,195994,4
1341,Junior H,El Hijo Mayor,1RGlfmdvcfatN0ZLOmzanS,0.571,0.567,8,-6.873,1,0.0994,0.431,0.0,0.129,0.967,165.332,196500,3
1342,Oliver Tree,Miss You - Sped Up Version,4pH8cIlMI9NrTWcDiQbuRe,0.527,0.66,0,-10.692,1,0.0877,0.0141,0.0185,0.156,0.283,173.979,171702,4
1343,Key Glock,Mr. Glock,1ipSpQfzBbhPFhYm6tfVIz,0.804,0.946,7,-5.949,1,0.352,0.002,0.0,0.359,0.745,150.141,146880,4
1344,Polo G,Through Da Storm,3NqCEpT8xsHdzpiRlM1kpS,0.71,0.49,1,-9.832,1,0.246,0.128,0.0,0.0942,0.621,74.351,195587,4
1345,$uicideboy$,The Serpent and the Rainbow,2CkpD7gqMXrrpTCJ9TZ0bw,0.78,0.78,0,-2.857,1,0.0858,0.00147,0.0,0.472,0.446,118.014,177290,4
1346,Yeat,Gët Busy,20O48JTG6O46tPAuZbliRA,0.66,0.58,10,-9.921,0,0.0393,0.0372,0.0,0.116,0.115,139.902,157780,4
1347,iamjakehill,By the Sword,3HsFSrIsbO54TFDfG66pZm,0.685,0.76,2,-7.813,1,0.0512,0.0199,0.151,0.0866,0.781,160.035,125812,4
1348,Young Dolph,Love For The Streets,7k5lDslyLbcykzUOPGEdKR,0.799,0.733,2,-6.234,1,0.216,0.172,1.7e-05,0.332,0.753,146.051,185280,4
1349,Eliza Rose,B.O.T.A. (Baddest Of Them All) - Edit,39JofJHEtg8I4fSyo7Imft,0.736,0.906,0,-7.589,1,0.048,0.164,0.585,0.106,0.698,137.001,226627,4
1350,Codiciado,Vamos Aclarando Muchas Cosas - En Vivo,5gZOpqxK3J5b5BSjzG1PkM,0.718,0.55,10,-5.743,1,0.0381,0.761,0.0,0.105,0.824,107.292,190720,3
1351,Tory Lanez,Lavender Sunflower,1au2UduxcvHfa0fZS3Szci,0.607,0.735,4,-6.065,0,0.095,0.253,0.0,0.11,0.964,88.894,151967,4
1352,Dream Supplier,Clean Baby Sleep White Noise (Loopable),0zirWZTcXBBwGsevrsIpvT,0.0,0.00832,7,-26.712,1,0.0,0.917,1.0,0.111,0.0,0.0,142222,0
1353,Tame Impala,One More Hour,0mO6oS60RST2sWmN2FKknP,0.647,0.398,4,-8.63,1,0.0283,0.108,0.107,0.148,0.32,102.029,432560,4
1354,ROSALÍA,DESPECHÁ,53tfEupEzQRtVFOeZvk7xq,0.914,0.622,7,-6.538,1,0.0892,0.146,1.68e-05,0.0632,0.77,130.04,156788,4
1355,Lil Uzi Vert,FOR FUN,60PTOzcoFycWBICdumIsFQ,0.775,0.461,7,-6.594,0,0.124,0.157,0.0,0.0687,0.131,134.028,188060,4
1356,Bad Bunny,LA NOCHE DE ANOCHE,2XIc1pqjXV3Cr2BQUGNBck,0.856,0.618,7,-4.892,1,0.286,0.0303,0.0,0.0866,0.391,81.993,203201,4
1357,Yeat,On tha linë,37nYSBS0MfRCm913QwCCYo,0.771,0.594,1,-8.991,0,0.193,0.00482,6.88e-06,0.111,0.119,149.106,154787,4
1358,Bad Bunny,Enséñame a Bailar,2NMjggapJcXXM7WccGEBUO,0.81,0.789,8,-5.08,1,0.0846,0.191,1.08e-05,0.467,0.77,105.009,176000,4
1359,Ed Sheeran,Bad Habits,7AyW1Eeo1JuSh1ReYnZPWp,0.807,0.893,11,-3.745,0,0.0347,0.0451,2.79e-05,0.366,0.537,126.011,230747,4
1360,Kendrick Lamar,United In Grief,5Gt9bxniM1SxN61yRzRhXL,0.529,0.845,8,-8.142,1,0.404,0.244,0.0,0.143,0.331,85.63,255378,3
1361,Ryan Mack,Overwhelmed (Ryan Mack Remix),03eyNjBM2mpx28H6kdaufN,0.658,0.445,0,-8.749,0,0.154,0.161,0.0,0.0845,0.513,174.111,103240,4
1362,Wiz Khalifa,The Thrill,4wqzOaLxiCRy2Et8tRyNSX,0.817,0.775,10,-4.767,0,0.108,0.277,0.0,0.108,0.806,126.984,234334,4
1363,SleazyWorld Go,Sleazy Flow (with Lil Baby) - Remix,5cx7vkF8BQ0iOsVpfvZbnz,0.869,0.298,2,-12.076,1,0.386,0.2,0.0,0.0753,0.178,77.47,161355,4
1364,Megan Thee Stallion,Her,5hHvFrMnwic82WwRLr4WY0,0.945,0.848,1,-4.76,1,0.326,0.374,3.31e-05,0.101,0.819,119.918,137107,4
1365,YBN Nahmir,Opp Stoppa,4l8CIibQf8cVk5BcrquSiD,0.821,0.304,0,-6.576,1,0.114,0.0175,0.0,0.118,0.217,78.089,65046,4
1366,$uicideboy$,Ugliest,2Q9nA56DKKJhj4cHMbHlAS,0.752,0.55,5,-7.166,0,0.362,0.172,0.0148,0.14,0.405,174.073,178131,4
1367,Carin Leon,La Boda Del Huitlacoche - Live,1Tcm4Qi0lbzXofH11MIzJs,0.684,0.882,9,-7.963,1,0.0761,0.517,9.81e-05,0.296,0.892,140.545,188417,3
1368,Dove Cameron,Breakfast,6GUiIbJ834FcHewby3PwV0,0.64,0.553,2,-6.42,0,0.0411,0.0579,0.0,0.0914,0.486,81.992,148471,4
1369,Trippie Redd,Miss The Rage (feat. Playboi Carti),2BITQ360Knh6qNAOqR7Dyq,0.584,0.859,8,-5.616,1,0.121,0.0144,0.0,0.847,0.369,77.005,236883,4
1370,Money Man,24 (feat. Lil Baby),0xUvi7wldroBzaZCengPa5,0.868,0.638,2,-7.746,1,0.0736,0.146,0.0565,0.0931,0.459,126.03,182857,4
1371,Nature Of Sweden,Slumber Rain,2pUhY7tWx8egpw2qn84iSi,0.161,1.0,10,-17.037,0,0.0419,0.914,0.881,0.943,1e-05,81.756,146000,3
1372,Playboi Carti,Stop Breathing,2lLG56qpLP3UbcLuzMvkWX,0.856,0.57,9,-4.486,1,0.286,0.00637,0.0,0.0984,0.155,154.967,218943,4
1373,Bad Bunny,Agosto,0wihfILRNOwE2156Shezc8,0.849,0.584,1,-8.195,0,0.115,0.0929,6.18e-06,0.492,0.724,115.018,139041,4
1374,Post Malone,Cooped Up / Return Of The Mack,6Ole34qqbgkZ60IyrcVm7e,0.727,0.839,2,-4.781,1,0.184,0.01,3.63e-06,0.177,0.338,95.485,127253,4
1375,Thundercat,Funny Thing,1c5CllrZr45UBhWpIqM332,0.586,0.893,7,-8.772,1,0.439,0.827,0.642,0.212,0.65,140.023,116630,3
1376,Lil Uzi Vert,Sanguine Paradise,3XiNC94b4Tq1xwv70sQJGN,0.729,0.603,6,-6.736,0,0.0666,0.0948,0.0,0.113,0.207,134.972,243976,4
1377,Eric Church,Doing Life With Me,57YkkgxAiusJPMtiSG3w3c,0.646,0.598,3,-10.293,1,0.0425,0.73,5.87e-06,0.118,0.606,80.993,195587,4
1378,HIXTAPE,"Turn You Down (HARDY feat. Morgan Wallen, Zakk Wylde)",3X0773BLlMv6RMq0wkZZAk,0.615,0.874,11,-3.375,1,0.104,0.0131,0.0,0.33,0.604,107.97,154960,4
1379,PinkPantheress,Break it off - Bonus,78ul3D77noQsYjSwvwiPU1,0.552,0.904,11,-4.891,0,0.114,0.0027,8.85e-06,0.0786,0.746,171.788,96133,4
1380,The Weeknd,Sacrifice,1nH2PkJL1XoUq8oE6tBZoU,0.735,0.795,11,-6.523,0,0.113,0.0296,3.18e-05,0.0678,0.905,122.0,188918,4
1381,Future,Drankin N Smokin,0k7wmahjkn389wAZdz19Cv,0.752,0.658,0,-6.297,1,0.342,0.0421,0.0,0.0927,0.387,151.951,213520,4
1382,Lil Mabu,NO SNITCHING (with Dusty Locane),07NgzcfZh94EiueKm5KiT4,0.729,0.64,1,-8.8,1,0.352,0.0595,0.0,0.348,0.413,156.029,160007,4
1383,Zach Bryan,God Speed,4GeyPGMzh6VwdNcaCufY9f,0.583,0.0819,0,-15.249,1,0.04,0.869,0.0,0.103,0.167,79.385,253360,4
1384,Gorillaz,New Gold (feat. Tame Impala and Bootie Brown),64dLd6rVqDLtkXFYrEUHIU,0.695,0.923,1,-3.93,0,0.0522,0.0425,0.0469,0.116,0.551,108.014,215150,3
1385,Lil Uzi Vert,Myron,56uXDJRCuoS7abX3SkzHKQ,0.771,0.654,8,-6.976,0,0.298,0.055,0.0,0.214,0.573,155.047,224955,4
1386,Lil Baby,Heyy,6qzBOV7lg2pnYm1tIvjxo3,0.494,0.667,7,-4.632,1,0.263,0.00299,0.0,0.0815,0.179,88.028,192727,5
1387,Adam Doleac,Don't It Sound Alright,58UvLeYJXtFkbkUP3lU6YK,0.641,0.547,7,-5.094,1,0.0247,0.0392,0.0,0.0771,0.487,130.061,218806,4
1388,Juice WRLD,Flaws And Sins,0flSGzqHO12p9fU9kqaHGE,0.709,0.662,8,-4.55,1,0.0767,0.00966,0.0,0.108,0.439,150.047,218349,4
1389,The Kid LAROI,GO (feat. Juice WRLD),2rPHUAeUPbNgTmK18FPTiZ,0.487,0.74,6,-4.973,1,0.0944,0.157,0.0,0.612,0.522,73.779,181688,4
1390,Kyle Richh,Notti Bop,0IEpFiWXbmfpiiUHPlPkYC,0.782,0.624,2,-10.807,1,0.415,0.44,0.0,0.119,0.673,142.107,225875,4
1391,Dierks Bentley,Gold,4iy69rTUn8cAY8Q8q9vfOw,0.674,0.873,1,-4.256,1,0.0285,0.0482,0.0,0.18,0.946,115.01,167760,4
1392,Kordhell,Live Another Day,34lfu3S4fIcKZRNXzbdbo7,0.822,0.981,9,-1.321,1,0.109,0.000593,0.748,0.0938,0.404,115.005,133565,4
1393,Chance Peña,In My Room,3SM7uIYEz3v3BGy9RHp7oU,0.408,0.338,4,-13.626,1,0.0431,0.521,0.000639,0.0732,0.1,133.943,177609,3
1394,The Weeknd,Save Your Tears (Remix) (with Ariana Grande) - Bonus Track,1oFAF1hdPOickyHgbuRjyX,0.65,0.825,0,-4.645,1,0.0325,0.0215,2.44e-05,0.0936,0.593,118.091,191014,4
1395,Grupo Marca Registrada,Solo Me Dejaste,0OLLsFyVPrjI3iL03lDFXk,0.609,0.515,7,-9.843,0,0.0486,0.539,0.0839,0.0722,0.853,152.787,186709,3
1396,Victoria Monét,We Might Even Be Falling In Love (Interlude),4rCuwgRRKaIiHlHDc8Bga6,0.768,0.506,6,-8.913,1,0.165,0.415,0.0376,0.133,0.862,77.1,51914,4
1397,Feid,Feliz Cumpleaños Ferxxo,2CeKVsFFXG4QzA415QygGb,0.865,0.573,5,-5.501,1,0.0678,0.0863,0.0,0.305,0.563,94.999,155960,4
1398,Jelly Roll,Save Me,1rnYNAJPAb586NhetosdNW,0.677,0.404,0,-9.552,1,0.027,0.653,0.0,0.249,0.355,83.087,240723,3
1399,Quevedo,VISTA AL MAR,7iwJOi3hlMqZt6pj1sQOBj,0.759,0.561,0,-5.643,0,0.131,0.803,0.121,0.101,0.491,104.915,180673,4
1400,Penelope Scott,Rät,4blPH3Uy89WnOnYlIv7Ev4,0.609,0.449,5,-13.291,0,0.249,0.326,0.000115,0.147,0.309,143.854,194165,4
1401,Myke Towers,ULALA (OOH LA LA),4EQOGfssbSpTlV6EZRtrSv,0.872,0.681,0,-4.348,0,0.11,0.0462,1.38e-05,0.129,0.481,96.986,188009,4
1402,Harry Styles,Fine Line,6VzcQuzTNTMFnJ6rBSaLH9,0.306,0.347,2,-8.5,1,0.0334,0.172,0.00013,0.0485,0.0511,120.996,377960,4
1403,Pop Smoke,Invincible,792HwhrdO3ErRKL5yRe4Ge,0.548,0.732,11,-5.652,0,0.336,0.125,0.0,0.269,0.612,142.791,127547,4
1404,Bad Bunny,Yo Perreo Sola,0SqqAgdovOE24BzxIClpjw,0.86,0.758,11,-5.16,1,0.0695,0.021,6.54e-05,0.344,0.453,97.014,172127,4
1405,tobi lou,2hrs,0dGe86ljF6Xi19IxYc7aBn,0.844,0.424,2,-8.365,1,0.0836,0.362,0.00108,0.589,0.434,111.226,64723,3
1406,BLACKPINK,Typa Girl,0L8LOav65XwLjCLS11gNPD,0.915,0.621,7,-6.519,1,0.1,0.0745,0.0,0.628,0.527,131.984,179173,4
1407,La Maquinaria Norteña,Eres Ese Algo,6rOy9SIawgruuIWLP5divC,0.722,0.76,4,-5.427,0,0.0501,0.468,0.00066,0.0814,0.793,113.872,173587,4
1408,Rod Wave,Sweet Little Lies,0qjoeS8gwEFqf0ju66ledI,0.656,0.679,10,-8.594,1,0.0598,0.014,0.0,0.101,0.27,159.978,174750,4
1409,Måneskin,I WANNA BE YOUR SLAVE,4pt5fDVTg5GhEvEtlz9dKk,0.75,0.608,1,-4.008,1,0.0387,0.00165,0.0,0.178,0.958,132.507,173347,4
1410,Taylor Swift,You Belong With Me (Taylor’s Version),1qrpoAMXodY6895hGKoUpA,0.632,0.773,6,-4.856,1,0.0346,0.0623,0.0,0.0885,0.474,130.033,231124,4
1411,21 Savage,3AM on Glenwood,1MTXYvJ9TSqg9x6WPCDx2n,0.475,0.692,1,-8.327,1,0.398,0.0533,6.49e-06,0.18,0.241,181.167,178329,4
1412,Gabby Barrett,Pick Me Up,7xNYZeFtrB05pi9tc6lEeb,0.472,0.701,2,-4.563,1,0.0369,0.0387,0.0,0.107,0.515,79.805,169440,4
1413,Doja Cat,Tia Tamera (feat. Rico Nasty),1uNePI826aqh9uC9pgbeHU,0.822,0.654,0,-4.623,1,0.132,0.019,0.0,0.233,0.421,119.884,211013,4
1414,Trippie Redd,Miss The Rage (feat. Playboi Carti),5gZYpjakt37G3c58FKcQwJ,0.581,0.877,8,-4.938,1,0.114,0.0151,0.0,0.826,0.353,77.006,236883,4
1415,Bad Bunny,Callaita,2TH65lNHgvLxCKXM3apjxI,0.61,0.624,2,-4.773,1,0.309,0.6,2.12e-06,0.243,0.244,176.169,250534,4
1416,Night Lovell,JOAN OF ARC,1nQwi9UGdNeN1FyzGE7jDt,0.906,0.685,1,-2.955,1,0.0382,0.00374,0.00179,0.21,0.0391,124.065,145203,4
1417,A Boogie Wit da Hoodie,Last Time (feat. G Herbo),4bgfOF85wLRLtVtDeuwlNH,0.738,0.582,5,-7.196,0,0.167,0.423,0.0,0.117,0.696,97.025,179210,4
1418,Keith Urban,Brown Eyes Baby,5JLf54f83nJrxD4IhFaLl7,0.521,0.833,8,-6.992,1,0.0313,0.0906,3.13e-06,0.0647,0.581,141.944,224985,4
1419,DJ Khaled,STAYING ALIVE (feat. Drake & Lil Baby),7Ddk8FhoYKdsVoX9AOCPMm,0.677,0.495,4,-7.174,0,0.0821,0.0668,0.0,0.319,0.152,129.974,178176,4
1420,Joji,1AM FREESTYLE,0FqBNLXlTNimxmVRdDMj6b,0.615,0.541,0,-6.307,0,0.0263,0.748,0.00268,0.12,0.124,126.049,113067,4
1421,Sarah Connor,Ring Out The Bells,03qftRowv8aPZnNZbILxUR,0.673,0.813,0,-4.082,1,0.046,0.0224,0.0,0.0608,0.771,139.996,239707,4
1422,Zach Bryan,Something in the Orange - Z&E's Version,7lNmcW2wW6ciV9Rhh8YOMe,0.594,0.382,7,-5.432,1,0.0292,0.416,0.0,0.117,0.223,110.237,254258,4
1423,Lil Baby,Right On,6ws54n2IzyrIxxyzlG2bVJ,0.535,0.618,2,-5.668,1,0.382,0.0245,0.0,0.103,0.211,165.991,213976,4
1424,Taylor Swift,the 1,0Jlcvv8IykzHaSmj49uNW8,0.777,0.357,0,-6.942,1,0.0522,0.757,7.28e-06,0.108,0.172,139.883,210252,4
1425,Tate McRae,that way,7l97ElWmIdVHWUaOeeU5ZC,0.453,0.383,0,-11.015,1,0.163,0.728,0.0,0.387,0.333,105.029,175027,4
1426,Lana Del Rey,Cinnamon Girl,2mdEsXPu8ZmkHRRtAdC09e,0.294,0.337,6,-10.614,0,0.036,0.814,0.414,0.14,0.135,91.781,300683,5
1427,charlieonnafriday,After Hours,6tYzs9xlEeYznMJpJ0sUkI,0.798,0.458,6,-8.278,1,0.0504,0.115,0.0,0.145,0.198,133.972,157667,4
1428,Rebzyyx,all I want is you,7lOvJBqH38ZY59eLU7bioq,0.46,0.999,11,-1.307,1,0.325,0.112,0.0,0.245,0.779,145.911,151415,4
1429,Poor Mans Poison,Hell's Comin' with Me,0cPvRrV9PBBHVfHoGBlFdO,0.581,0.619,4,-7.691,0,0.0383,0.395,5.34e-06,0.197,0.533,129.879,212997,4
1430,Nardo Wick,G Nikes (feat. Polo G),7asQMsxC6dNgY0inCzJC5O,0.808,0.644,1,-6.167,1,0.329,0.0716,0.0,0.085,0.512,151.098,206968,4
1431,NLE Choppa,Walk Em Down (feat. Roddy Ricch),1Z0cZI0UzNbP9L8MzzGxqf,0.867,0.744,2,-5.171,1,0.227,0.268,0.0,0.0713,0.645,84.005,173288,4
1432,Los Farmerz,Hublot,5qKsIal7JJZ2bqXHPKdyVb,0.824,0.672,2,-7.679,1,0.126,0.133,1.97e-06,0.114,0.797,120.538,225250,1
1433,James Hype,Ferrari,4zN21mbAuaD0WqtmaTZZeP,0.847,0.69,1,-7.877,0,0.0493,0.0127,6e-05,0.0526,0.692,125.004,186662,4
1434,Stephanie Beatriz,The Family Madrigal,4b1yxSdlumA8N4fEk4UOZp,0.594,0.628,1,-6.345,1,0.359,0.12,0.0,0.0582,0.556,141.391,257213,4
1435,Victor Cibrian,En El Radio Un Cochinero,2NWaWZZLFMcr5P4uI2KvWy,0.696,0.623,6,-8.738,0,0.0438,0.466,8.61e-06,0.0983,0.965,154.028,223431,3
1436,Junior H,Loco Enamorado,0V6NB0qBW7Vvm7RuSoHszG,0.569,0.38,11,-7.231,0,0.092,0.0887,0.0,0.16,0.481,77.556,226000,1
1437,El Fantasma,Fuera De Servicio,6wTqVQ6RRkqAyT5XDGcRq4,0.778,0.445,8,-5.178,1,0.0416,0.675,2.05e-06,0.283,0.969,116.973,154869,4
1438,Billie Eilish,you should see me in a crown,3XF5xLJHOQQRbWya6hBp7d,0.678,0.533,4,-10.485,1,0.186,0.462,0.219,0.139,0.323,150.455,180953,4
1439,Grupo Los de la O,Mentiras,3jRZg6U0m9Ir115Wt66ebU,0.611,0.723,7,-6.571,1,0.213,0.218,0.0,0.0715,0.669,195.181,234593,3
1440,Zach Bryan,Let You Down,1HMFdKHDiHY0qmqdVH710d,0.515,0.457,2,-4.786,1,0.0277,0.39,0.0,0.255,0.625,83.627,209089,4
1441,Juice WRLD,Bandit (with YoungBoy Never Broke Again),1oWM79mUVdZGCGYjSirHZR,0.474,0.631,5,-5.884,0,0.343,0.0687,0.0,0.132,0.424,180.056,189323,4
1442,Lewis Capaldi,Forget Me,5uSFGgIfHMT3osrAd9n9ym,0.669,0.742,1,-3.518,0,0.0441,0.296,0.0,0.355,0.716,101.982,203472,4
1443,SoFaygo,Hell Yeah,3QHGfxhjexLaMKGHXagfRs,0.696,0.708,9,-4.737,1,0.0438,0.000113,0.0,0.444,0.287,142.026,168161,4
1444,Becky G,MAMIII,7FlQk2gJ6TBrHHiidvdR2O,0.836,0.703,4,-3.554,0,0.0657,0.0845,0.0,0.138,0.902,94.048,226093,4
1445,$uicideboy$,"My Swisher Sweet, But My Sig Sauer",1xIibyoUvyxwoNqx8quHSz,0.683,0.969,0,-3.29,1,0.171,0.000275,0.126,0.94,0.595,170.017,226932,4
1446,Don Toliver,Cardigan,0Li1OuXXfi7950ilZUFGkF,0.747,0.497,4,-6.542,0,0.0401,0.248,0.0,0.138,0.0663,142.046,158709,4
1447,NLE Choppa,Camelot,44sYqNBttbXNxya33FJ3Dj,0.787,0.713,7,-5.252,1,0.401,0.0849,0.0,0.717,0.761,175.046,148759,4
1448,Noah Kahan,Growing Sideways,1JcIXOir94YUYBt2cXTzn2,0.665,0.296,7,-8.64,1,0.0276,0.744,0.0,0.0922,0.539,89.142,255144,4
1449,Tai Verdes,AOK,1sx0XsWUusUoPstbvokZjP,0.731,0.626,11,-6.919,1,0.0805,0.125,0.0,0.183,0.862,82.488,173640,4
1450,JID,Dance Now (feat. Kenny Mason),2WrldKXSBVbNNm3A9vJryi,0.786,0.475,1,-10.902,1,0.248,0.0919,9.6e-06,0.176,0.264,135.0,227556,4
1451,Moneybagg Yo,Blow,2g3qKijfeHfDyM7Fmaoi5M,0.815,0.742,11,-4.896,0,0.245,0.0579,0.0,0.345,0.584,137.036,182533,4
1452,Lenin Ramírez,Se Acabo - En Vivo,0lyZyn18awzOJuVM7qzCmd,0.593,0.364,2,-7.242,1,0.175,0.515,0.0,0.348,0.652,83.133,230000,4
1453,Jackson Dean,Don't Come Lookin',1vscizuuPwkwC1cc5N5KQV,0.529,0.858,9,-6.015,1,0.0536,0.0115,2.91e-05,0.345,0.676,156.129,187957,4
1454,Peso Pluma,Por las Noches,2VzCjpKvPB1l1tqLndtAQa,0.807,0.595,0,-7.19,1,0.0325,0.31,2.44e-05,0.0735,0.392,92.491,239845,4
1455,ITZY,Cheshire,7ixVW7RobslvMrvlzHYLha,0.79,0.838,7,-3.183,1,0.0501,0.332,7.07e-06,0.357,0.738,98.966,182453,4
1456,Jack Harlow,"WHATS POPPIN (feat. DaBaby, Tory Lanez & Lil Wayne) - Remix",2MbdDtCv5LUVjYy9RuGTgC,0.904,0.723,11,-5.224,0,0.26,0.0631,0.0,0.185,0.835,145.013,227478,4
1457,SYML,Where's My Love,1B62o4CbdL9ckGvwsz2cgn,0.604,0.36,0,-10.109,0,0.0253,0.868,0.0343,0.112,0.37,103.985,202000,4
1458,Ariana Grande,boyfriend (with Social House),0Ryd8975WihbObpp5cPW1t,0.4,0.795,10,-3.731,0,0.461,0.119,0.0,0.159,0.702,190.097,186107,4
1459,siouxxie sixxsta,masquerade,0RYHqnmtNRfbYxP6Dn8Vse,0.608,0.792,9,-5.721,1,0.0355,0.000674,0.653,0.252,0.611,161.104,144536,4
1460,Bryson Tiller,Sorrows,5TXQCMKN6TgemTL3c4wRTn,0.633,0.793,5,-6.847,0,0.182,0.148,0.0,0.867,0.761,109.093,193702,4
1461,Juice WRLD,Burn,1X8E4vVoOM3BpSQlEDSjjM,0.354,0.475,1,-9.333,0,0.0425,0.149,0.034,0.21,0.0393,114.975,217222,4
1462,SZA,Hit Different,7Bar1kLTmsRmH6FCKKMEyU,0.679,0.516,0,-6.371,0,0.0452,0.199,0.0,0.0965,0.716,120.074,202008,4
1463,Lil Peep,your favorite dress,186bb3vDk1yzNK5u3e7h7O,0.494,0.628,7,-7.615,1,0.0541,0.0814,0.0,0.111,0.101,129.966,177387,3
1464,Post Malone,Motley Crew,40uMIn2zJLAQhNXghRjBed,0.797,0.631,3,-3.818,0,0.0786,0.0904,3.71e-06,0.0998,0.288,129.915,184213,4
1465,TiaCorine,FreakyT,4CCrZzRdeWYrWJ0DoN4XCa,0.806,0.542,0,-7.482,0,0.064,0.241,0.000494,0.113,0.14,142.881,194306,4
1466,Ivan Cornejo,Perro Abandonado,4ixwxIXEFw0Jf5nY0Leipd,0.561,0.635,11,-8.668,0,0.0345,0.492,1.27e-06,0.0945,0.4,147.094,211199,3
1467,DJ Scheme,Blue Bills (feat. $NOT & Fenix Flexin),2ODUTBkiOWoYSUjKpGJxQE,0.82,0.494,1,-9.47,1,0.18,0.166,4.35e-06,0.13,0.362,95.994,100267,4
1468,Mac Miller,Good News,1DWZUa5Mzf2BwzpHtgbHPY,0.794,0.32,1,-12.92,0,0.173,0.853,0.134,0.112,0.241,174.088,342040,4
1469,HARDY,ONE BEER (feat. Lauren Alaina & Devin Dawson),5Y05LYM8LhnQN78GqfjSeK,0.516,0.745,2,-8.352,1,0.0774,0.564,0.0,0.275,0.826,186.006,173173,3
1470,SleazyWorld Go,Sleazy Flow,5mt882Eqx22RwFOTE01jS8,0.825,0.234,9,-14.202,1,0.495,0.235,9.54e-06,0.0696,0.18,77.487,111484,4
1471,Post Malone,Hollywood's Bleeding,7sWRlDoTDX8geTR8zzr2vt,0.405,0.646,4,-3.206,0,0.0476,0.331,0.0,0.103,0.17,130.218,156267,4
1472,Lenin Ramírez,Solita (En Vivo),6ggHV1SCPqLLV5U2kyW9qD,0.677,0.657,1,-4.657,0,0.0596,0.498,0.0,0.0562,0.812,116.225,215984,1
1473,Lil Tjay,In My Head,1HvTxgCj0mTzQlEo0zLvFb,0.684,0.545,1,-6.885,1,0.121,0.159,0.0,0.102,0.407,143.049,135264,4
1474,Maren Morris,I Can't Love You Anymore,4tKtMWS8LZRvWhzuHKRIdr,0.342,0.591,2,-5.115,1,0.0452,0.217,0.0,0.16,0.399,175.673,169307,4
1475,Foudeqush,Con La Brisa,2LSsSV7V33wM9EKQA2xjGS,0.608,0.429,2,-10.336,0,0.0316,0.47,0.245,0.129,0.242,113.818,167387,4
1476,Joji,YUKON (INTERLUDE),5IPl8JpkbtSH1mdyq5ctSx,0.736,0.71,6,-8.497,0,0.091,0.383,0.0351,0.395,0.0728,82.482,141093,4
1477,Burna Boy,Alone,0AoBY2Y3qs6dtGgOD6c91N,0.6,0.659,4,-7.264,0,0.0542,0.176,0.0,0.111,0.307,89.955,221747,4
1478,Mother Mother,Hayloft II,0kYMwaQWABTkFff8AZjmYI,0.326,0.866,9,-4.541,0,0.101,0.0044,7.37e-06,0.0912,0.172,178.181,215040,4
1479,The Backseat Lovers,Pool House,74f0dpqHhTeTJzs4pmZ1yq,0.594,0.355,7,-11.184,1,0.0305,0.0478,0.000109,0.0559,0.327,134.097,269412,4
1480,Kelly Clarkson,Under The Mistletoe,2K4XbdyLxi9jhqVQeyUKRK,0.437,0.802,2,-5.063,1,0.111,0.0168,0.0,0.086,0.704,178.137,225688,4
1481,Laufey,Love to Keep Me Warm,3bq7dXN7arTdaq8mmKXxob,0.669,0.208,0,-12.539,1,0.0692,0.97,0.000524,0.106,0.315,139.928,158133,4
