,song_name,artist,location_at_chart,year_of_billboard,spotify_track_id,danceability,energy,key,loudness,mode,speechiness,acousticness,instrumentalness,liveness,valence,tempo,duration_ms,time_signature,tracks_popularity,entered_biilboard
0,somebody that i used to know,gotye featuring kimbra,1,2012,4wCmqSrbyCgxEXROQE6vtV,0.864,0.495,0,-7.036,1,0.037,0.591,0.000133,0.0992,0.72,129.062,244973,4,72,1
1,call me maybe,carly rae jepsen,2,2012,3TGRqZ0a2l1LRblBkJoaDx,0.783,0.58,7,-6.548,1,0.0408,0.0114,2.28e-06,0.108,0.66,120.021,193400,4,69,1
2,we are young,fun. featuring janelle monae,3,2012,7a86XRg84qjasly9f6bPSD,0.378,0.638,10,-5.576,1,0.075,0.02,7.66e-05,0.0849,0.735,184.086,250627,4,70,1
3,payphone,maroon 5 featuring wiz khalifa,4,2012,4P0osvTXoSYZZC2n8IFH3c,0.739,0.756,4,-4.828,1,0.0394,0.0136,0.0,0.37,0.523,110.028,231387,4,68,1
4,lights,ellie goulding,5,2012,4IhTXiZLKATmwhMZIb1GQN,0.44,0.04,3,-16.887,1,0.0322,0.981,0.465,0.111,0.249,135.965,193749,4,77,1
5,glad you came,the wanted,6,2012,5yDL13y5giogKs2fSNf7sj,0.722,0.851,7,-3.873,0,0.0639,0.0319,0.0,0.108,0.452,126.885,197936,4,74,1
6,stronger (what doesn't kill you),kelly clarkson,7,2012,6D60klaHqbCl9ySc8VcRss,0.562,0.939,0,-4.282,1,0.0475,0.046,0.0,0.112,0.684,116.044,221947,4,63,1
7,we found love,rihanna featuring calvin harris,8,2012,6qn9YLKt13AGvpq9jfO8py,0.734,0.766,1,-4.485,1,0.0383,0.025,0.00138,0.108,0.6,127.986,215227,4,75,1
8,starships,nicki minaj,9,2012,1oHNvJVbFkexQc0BpQp7Y4,0.747,0.716,11,-2.457,0,0.075,0.135,0.0,0.251,0.751,125.008,210627,4,70,1
9,what makes you beautiful,one direction,10,2012,4cluDES4hQEUhmXj6TXkSo,0.726,0.787,4,-2.494,1,0.0737,0.009,0.0,0.0596,0.888,124.99,199987,4,80,1
10,wild ones,flo rida featuring sia,11,2012,1NpW5kyvO4XrNJ3rnfcNy3,0.608,0.86,5,-5.324,0,0.0554,0.0991,0.0,0.262,0.437,127.075,232947,4,74,1
11,set fire to the rain,adele,12,2012,73CMRj62VK8nUS4ezD2wvi,0.603,0.67,2,-3.882,0,0.0249,0.00408,1.68e-06,0.112,0.446,107.993,242974,4,77,1
12,sexy and i know it,lmfao,13,2012,0obBFrPYkSoBJbvHfUIhkv,0.707,0.861,7,-4.225,1,0.316,0.1,0.0,0.191,0.795,130.021,199480,4,60,1
13,some nights,fun.,14,2012,6t6oULCRS6hnI7rm0h5gwl,0.672,0.738,0,-7.045,1,0.0506,0.0178,6.75e-05,0.0927,0.392,107.938,277040,4,66,1
14,wide awake,katy perry,15,2012,6I3vzxc9phUCfVxX7k1bpL,0.511,0.68,5,-5.103,1,0.0359,0.0843,6.73e-06,0.502,0.557,160.04,220933,4,0,1
15,good feeling,flo rida,16,2012,2LEF1A8DOZ9wRYikWgVlZ8,0.706,0.89,1,-4.444,0,0.0688,0.0588,0.00286,0.306,0.684,128.011,248133,4,73,1
16,whistle,flo rida,17,2012,3bC1ahPIYt1btJzSSEyyrF,0.747,0.937,0,-5.746,1,0.0453,0.0208,0.0,0.29,0.739,103.976,224653,4,74,1
17,one more night,maroon 5,18,2012,4XNrMwGx1SqP01sqkGTDmo,0.718,0.82,5,-3.453,0,0.0323,0.0444,0.0,0.0846,0.613,92.998,219467,4,67,1
18,drive by,train,19,2012,0KAiuUOrLTIkzkpfpn9jb9,0.765,0.837,1,-3.113,0,0.032,0.00107,1.06e-05,0.0801,0.721,122.028,195973,4,74,1
19,the motto,drake featuring lil wayne,20,2012,4Kz4RdRCceaA9VgTqBhBfa,0.766,0.442,1,-8.558,1,0.356,0.000107,6.12e-05,0.111,0.39,201.8,181573,4,70,1
20,where have you been,rihanna,21,2012,5WQQIDU3HRaMyPkob8mpFb,0.719,0.847,0,-6.34,0,0.0916,0.00201,0.0204,0.221,0.444,127.963,242680,4,71,1
21,everybody talks,neon trees,22,2012,2iUmqdfGZcHIhS3b9E9EWq,0.471,0.924,8,-3.906,1,0.0586,0.00301,0.0,0.313,0.725,154.961,177280,4,75,1
22,take care,drake featuring rihanna,23,2012,124NFj84ppZ5pAxTuVQYCQ,0.629,0.515,0,-10.358,0,0.265,0.0267,1.22e-05,0.0888,0.299,121.845,277387,4,72,1
23,titanium,david guetta featuring sia,24,2012,1V4XZ40xw2MIikHUuClgjz,0.604,0.788,0,-3.673,0,0.103,0.0678,0.153,0.127,0.301,126.06,245040,4,1,1
24,i won't give up,jason mraz,25,2012,53QF56cjZA9RTuuMZDrSA6,0.483,0.303,4,-10.058,1,0.0429,0.694,0.0,0.115,0.139,133.406,240166,3,66,1
25,it will rain,bruno mars,26,2012,0RUGuh2uSNFJpGMSsD1F5C,0.576,0.835,2,-6.826,1,0.0486,0.337,0.0,0.082,0.476,150.017,257720,4,66,1
26,mercy,"kanye west, big sean, pusha t, 2 chainz",27,2012,0AS63m1wHv9n4VVRizK6Hc,0.555,0.662,11,-4.952,0,0.0827,0.125,0.0,0.111,0.356,148.128,208733,4,78,1
27,boyfriend,justin bieber,28,2012,59CfNbkERJ3NoTXDvoURjj,0.345,0.612,7,-6.543,0,0.0608,0.232,0.0,0.194,0.232,179.773,153000,3,80,1
28,party rock anthem,lmfao featuring lauren bennett & goonrock,29,2012,0IkKz2J93C94Ei4BvDop7P,0.75,0.727,5,-4.21,0,0.142,0.0189,0.0,0.266,0.359,129.993,262173,4,65,1
29,too close,alex clare,30,2012,5IFCyWplye09HytIP80RCF,0.847,0.402,7,-9.952,1,0.0641,0.0118,0.0,0.283,0.752,99.693,259440,4,63,1
30,part of me,katy perry,31,2012,3ZVXbaeL6RBiiE5N943sCX,0.672,0.918,5,-4.605,1,0.036,0.000236,0.0,0.0668,0.772,130.042,216360,4,1,1
31,"young, wild & free",snoop dogg & wiz khalifa featuring bruno mars,32,2012,5HQVUIKwCEXpe7JIHyY734,0.715,0.655,0,-6.425,1,0.137,0.0525,0.0,0.115,0.531,95.078,207333,4,74,1
32,we are never ever getting back together,taylor swift,33,2012,0VwNdo84DaVYLIkbVO86ND,0.628,0.676,7,-5.911,1,0.0916,0.00957,2.65e-05,0.121,0.75,85.984,193147,4,72,1
33,as long as you love me,justin bieber featuring big sean,34,2012,00WvmRXTkPBZNhhRK3xfdy,0.775,0.816,0,-5.534,1,0.0281,0.164,0.0,0.126,0.753,98.219,214333,4,58,1
34,turn me on,david guetta featuring nicki minaj,35,2012,1qzHqfvKrZWo6dVHM1dXrj,0.429,0.18,10,-10.694,1,0.0551,0.864,4.4e-06,0.104,0.485,170.645,154800,3,66,1
35,moves like jagger,maroon 5 featuring christina aguilera,36,2012,7LcfRTgAVTs5pQGEQgUEzN,0.722,0.758,11,-4.477,0,0.0471,0.0111,0.0,0.308,0.62,128.047,201160,4,68,1
36,blow me (one last kiss),p!nk,37,2012,4k80K0b6KZ2QjAYkXON7q6,0.597,0.919,7,-2.954,1,0.0439,0.000145,0.0,0.282,0.729,113.991,255587,4,63,1
37,good time,owl city & carly rae jepsen,38,2012,1kPpge9JDLpcj15qgrPbYX,0.56,0.872,3,-4.269,1,0.14,0.0239,6.98e-06,0.371,0.682,126.05,205933,4,74,1
38,give your heart a break,demi lovato,39,2012,3sP3c86WFjOzHHnbhhZcLA,0.651,0.695,6,-3.218,1,0.0487,0.23,0.0,0.144,0.569,123.008,205347,4,67,1
39,ni**as in paris,jay z kanye west,40,2012,4Li2WHPkuyCdtmokzW2007,0.789,0.858,1,-5.542,1,0.311,0.127,0.0,0.349,0.775,140.022,219333,4,80,1
40,the one that got away,katy perry,41,2012,6hkOqJ5mE093AQf2lbZnsG,0.691,0.795,1,-4.021,0,0.0355,0.000812,1.02e-06,0.156,0.876,133.971,227333,4,70,1
41,feel so close,calvin harris,42,2012,1gihuPhrLraKYrJMAEONyc,0.707,0.924,7,-2.842,1,0.031,0.000972,0.00703,0.204,0.919,127.937,206413,4,76,1
42,someone like you,adele,43,2012,1zwMYTA5nlNjZxYrvBB2pV,0.556,0.319,9,-8.251,1,0.0281,0.893,0.0,0.0996,0.294,135.187,285240,4,76,1
43,scream,usher,44,2012,2iJuuzV8P9Yz0VSurttIV5,0.772,0.685,5,-6.849,1,0.0696,0.019,8.96e-05,0.131,0.501,130.033,283400,4,74,1
44,rack city,tyga,45,2012,0srwKuJPH8yBzzFUJMBQM2,0.929,0.339,1,-10.881,1,0.371,0.0373,1.96e-05,0.187,0.273,98.986,203200,4,63,1
45,domino,jessie j,46,2012,6MAdEUilV2p9RQUqE5bMAK,0.757,0.547,7,-4.573,1,0.0355,0.0115,0.0,0.0445,0.793,126.977,231693,4,62,1
46,gangnam style,psy,47,2012,03UrZgTINDqvnUMbbIMhql,0.727,0.937,11,-2.871,0,0.286,0.00417,0.0,0.091,0.749,132.067,219493,4,70,1
47,international love,pitbull featuring chris brown,48,2012,62zFEHfAYl5kdHYOivj4BC,0.67,0.855,0,-3.035,0,0.0499,0.0124,0.0,0.335,0.648,120.05,227280,4,73,1
48,home,phillip phillips,49,2012,4iz9lGMjU1lXS51oPmUmTe,0.667,0.747,1,-7.059,1,0.189,0.337,0.0,0.115,0.918,86.917,203493,4,76,1
49,without you,david guetta featuring usher,50,2012,1KMkcUvF7m3SDChDOa7i5L,0.662,0.413,0,-7.357,1,0.0299,0.213,0.0,0.134,0.467,93.005,161385,4,71,1
50,ass back home,gym class heroes featuring neon hitch,51,2012,3bfqkspKABT4pPicm6wC9F,0.716,0.838,10,-4.289,1,0.0513,0.134,0.0,0.148,0.646,130.034,222213,4,57,1
51,wanted,hunter hayes,52,2012,0oerlffJSzhRVvtDfLcp3N,0.252,0.802,7,-3.976,1,0.0391,0.13,0.0146,0.309,0.253,150.056,308667,4,71,1
52,drunk on you,luke bryan,53,2012,3kv6omImmKEfOVJWjstusF,0.558,0.872,9,-4.401,1,0.0449,0.178,0.0,0.173,0.472,143.971,213547,4,61,1
53,no lie,2 chainz featuring drake,54,2012,48QmG1dfvMuYLxMPt7KSRA,0.742,0.882,7,-2.862,1,0.117,0.0466,0.0,0.206,0.463,102.04,221176,4,79,1
54,want u back,cher lloyd,55,2012,6E11E0lT5Zy7yb6iT3y8DN,0.694,0.891,9,-2.94,1,0.0949,0.0562,0.0,0.561,0.563,97.939,214573,4,60,1
55,don't wake me up,chris brown,56,2012,18VfHIPaCo0s6FTi1Fnp6T,0.602,0.691,7,-5.197,0,0.051,0.0548,0.0,0.144,0.206,127.967,222307,4,59,1
56,dance (a$$),big sean featuring nicki minaj,57,2012,3ZAMtgYJFoHwJjFkhkXqKr,0.787,0.73,11,-6.788,0,0.35,0.0276,0.00157,0.0828,0.739,159.825,220293,4,58,1
57,springsteen,eric church,58,2012,05ZACkzW8YbRq3eFgIfSNB,0.692,0.809,2,-5.935,1,0.0255,0.1,9.77e-05,0.185,0.927,104.023,263387,4,69,1
58,brokenhearted,karmin,59,2012,4urcG6Nfubqsuqy3juMjBi,0.765,0.765,1,-2.732,0,0.0585,0.00765,3.82e-06,0.0527,0.886,120.001,227147,4,59,1
59,not over you,gavin degraw,60,2012,6j7hih15xG2cdYwIJnQXsq,0.63,0.894,10,-4.592,1,0.0544,0.255,0.0,0.181,0.364,142.051,218520,4,63,1
60,stereo hearts,gym class heroes featuring adam levine,61,2012,0qOnSQQF0yzuPWsXrQ9paz,0.646,0.795,9,-3.293,1,0.0976,0.0319,0.0,0.267,0.796,89.99,210960,4,78,1
61,back in time,pitbull,62,2012,6KVyd6WJOcjvr0HVKWfHa6,0.523,0.0991,8,-26.471,0,0.0404,0.994,0.906,0.0915,0.277,159.892,85399,4,59,1
62,work out,j. cole,63,2012,2wAJTrFhCnQyNSD3oUgTZO,0.831,0.427,2,-6.903,1,0.106,0.0531,0.0,0.307,0.216,93.004,235320,4,77,1
63,rumour has it,adele,64,2012,2A73XBDBQgmdXO8VsXPWIs,0.612,0.749,0,-5.014,1,0.0446,0.615,0.0,0.167,0.574,120.052,223267,4,64,1
64,let's go,calvin harris featuring ne-yo,65,2012,1fLibtVj3MrNTwRZq5yUOs,0.748,0.767,11,-7.806,0,0.172,0.0267,0.0,0.334,0.519,133.929,222200,4,62,1
65,good girl,carrie underwood,66,2012,20DfkHC5grnKNJCzZQB6KC,0.617,0.839,0,-2.849,0,0.0655,0.0286,0.0,0.19,0.741,128.91,205560,4,57,1
66,pontoon,little big town,67,2012,2Gy3XMLbBxACZ4tXdFRGr7,0.721,0.819,9,-5.715,1,0.0269,0.413,0.0,0.196,0.867,96.02,212320,4,58,1
67,ho hey,the lumineers,68,2012,0W4Kpfp1w2xkY3PrV714B7,0.685,0.466,0,-9.074,1,0.0304,0.794,2.06e-06,0.0915,0.353,79.936,163133,4,71,1
68,paradise,coldplay,69,2012,6nek1Nin9q48AVZcWs9e9D,0.449,0.585,5,-6.761,1,0.0268,0.0509,8.75e-05,0.0833,0.212,139.631,278719,4,80,1
69,blown away,carrie underwood,70,2012,0vFMQi8ZnOM2y8cuReZTZ2,0.531,0.843,9,-2.569,0,0.0429,0.0909,0.0,0.0283,0.392,136.991,240133,4,60,1
70,rolling in the deep,adele,71,2012,1c8gk2PeTE04A1pIDH9YMk,0.73,0.769,8,-5.114,1,0.0298,0.138,0.0,0.0473,0.507,104.948,228093,4,76,1
71,climax,usher,72,2012,5pyVqlqThcxI7tPDjHIzPh,0.647,0.478,8,-8.837,1,0.0782,0.547,2.69e-05,0.156,0.333,135.877,232907,4,57,1
72,"work hard, play hard",wiz khalifa,73,2012,0UHWVvGeI6uIraGlnAEWSi,0.787,0.666,11,-4.475,1,0.0485,0.0409,1.91e-05,0.296,0.484,140.008,219027,4,0,1
73,let me love you (until you learn to love yourself),ne-yo,74,2012,4kte3OcW800TPvOVgrLLj8,0.658,0.677,5,-6.628,1,0.0393,0.248,0.0,0.368,0.248,124.91,251627,4,65,1
74,pound the alarm,nicki minaj,75,2012,0LohatbcUXRauoeMlR1jnS,0.728,0.858,9,-3.686,1,0.0609,0.0403,4.26e-06,0.0241,0.591,125.054,205640,4,57,1
75,come over,kenny chesney,76,2012,2NmaDAnnP9zspaHLc5aSjb,0.497,0.222,4,-10.72,1,0.039,0.542,0.0,0.251,0.46,150.175,197821,3,61,1
76,heart attack,trey songz,77,2012,1V6gIisPpYqgFeWbMLI0bA,0.504,0.785,8,-4.802,1,0.104,0.0738,0.0,0.239,0.502,173.968,210840,4,74,1
77,drank in my cup,kirko bangz,78,2012,3m8CQnnfJJp4eQMWWl3zay,0.451,0.632,8,-7.98,0,0.297,0.0114,0.0,0.198,0.234,132.89,232160,4,62,1
78,birthday cake,rihanna featuring chris brown,79,2012,7dDrR6vMK1JAwZZ5MIWgme,0.436,0.255,3,-8.623,1,0.0364,0.955,3.28e-05,0.106,0.15,113.265,205280,4,70,1
79,so good,b.o.b,80,2012,6kxaaIeowajN7w21PfMLbu,0.576,0.627,3,-4.649,0,0.0449,0.0385,0.0,0.181,0.311,164.998,176059,4,69,1
80,50 ways to say goodbye,train,81,2012,2NniAhAtkRACaMeYt48xlD,0.591,0.935,6,-2.664,1,0.0478,0.000284,0.000278,0.142,0.736,140.043,247947,4,64,1
81,red solo cup,toby keith,82,2012,4YKAOXyqkKZ5gOZR0AmVMN,0.535,0.56,4,-6.586,1,0.0901,0.287,0.0,0.209,0.785,164.17,223387,4,61,1
82,love you like a love song,selena gomez & the scene,83,2012,0laYHRpNTS6i8FXdupHkJ4,0.858,0.678,1,-3.87,0,0.0469,0.0761,0.0,0.0741,0.922,117.009,188453,4,77,1
83,turn up the music,chris brown,84,2012,1RMRkCn07y2xtBip9DzwmC,0.594,0.841,1,-5.792,1,0.102,0.000238,2.22e-06,0.156,0.643,129.925,227973,4,60,1
84,die young,ke$ha,85,2012,6EbVuwU7EnKeF2hdpViXCH,0.808,0.582,11,-6.26,1,0.338,0.827,0.0,0.111,0.675,77.471,148817,4,75,1
85,5 o'clock,t-pain featuring wiz khalifa & lily allen,86,2012,42EMFjvFtOki8MA0JNZqVK,0.523,0.742,7,-5.495,0,0.227,0.0697,0.0,0.102,0.353,83.066,281280,4,56,1
86,a thousand years,christina perri,87,2012,6lanRgr6wXibZr8KgzXxBl,0.421,0.407,10,-7.445,1,0.0267,0.309,0.000961,0.11,0.161,139.028,285120,3,76,1
87,take a little ride,jason aldean,88,2012,2o5mwv7hvas1jdUg14Nihv,0.472,0.866,2,-3.771,1,0.0413,0.044,0.0,0.213,0.775,163.867,187613,4,54,1
88,you da one,rihanna,89,2012,3Yt9lRtS5V4nbJnwcgFgvC,0.702,0.715,5,-5.377,0,0.0425,0.503,2.44e-05,0.126,0.863,127.05,200013,4,65,1
89,we run the night,havana brown featuring pitbull,90,2012,0mtPNQl5vePVwiI9Vykp7L,0.697,0.861,9,-4.389,0,0.144,0.00482,1.83e-06,0.41,0.703,127.023,228200,4,51,1
90,it's time,imagine dragons,91,2012,6BtmXhTJMM9sBTHeYYASGz,0.656,0.884,2,-4.748,1,0.0372,0.0162,0.0,0.145,0.86,105.009,237987,4,62,1
91,cashin' out,ca$h out,92,2012,1POAx4NMLOBPVKZUSsBh92,0.831,0.665,1,-3.627,0,0.0711,0.149,0.0,0.0636,0.663,129.989,238760,4,55,1
92,i don't want this night to end,luke bryan,93,2012,7c1KTn1z8Gw8ouYdcF4qaG,0.616,0.728,9,-4.02,0,0.0278,0.0275,0.0,0.228,0.375,111.934,219973,4,65,1
93,diamonds,rihanna,94,2012,6QuwMgDZub0zf70EOcWtqk,0.587,0.295,11,-14.542,1,0.0463,0.15,0.0,0.142,0.128,122.064,206125,4,71,1
94,hard to love,lee brice,95,2012,6E9V9TRlVOLjenGjHemzEH,0.638,0.722,9,-6.177,1,0.0332,0.0119,0.00808,0.189,0.469,103.017,224293,4,64,1
95,somethin' 'bout a truck,kip moore,96,2012,6Ymvlzom4TQeoKqAWsZRD8,0.554,0.794,11,-5.417,1,0.035,0.0697,0.0,0.63,0.79,176.01,213827,4,64,1
96,adorn,miguel,97,2012,25cUhiAod71TIQSNicOaW3,0.625,0.576,11,-5.693,0,0.175,0.0543,4.07e-05,0.187,0.235,179.063,193147,4,66,1
97,fly over states,jason aldean,98,2012,17X2tSzibD9n9QRjdExcWT,0.487,0.736,7,-3.269,1,0.0326,0.069,0.0,0.114,0.184,81.587,218200,4,58,1
98,even if it breaks your heart,eli young band,99,2012,0Nu9WA8kEbBWEsay2s8Q0U,0.495,0.527,0,-4.742,1,0.0351,0.000159,0.0163,0.1,0.574,208.067,220520,4,62,1
99,burn it down,linkin park,100,2012,7oVEtyuv9NBmnytsCIsY5I,0.585,0.972,9,-4.45,0,0.0534,0.0143,0.0,0.0707,0.585,110.006,230253,4,71,1
100,rolling in the deep,adele,1,2011,1c8gk2PeTE04A1pIDH9YMk,0.73,0.769,8,-5.114,1,0.0298,0.138,0.0,0.0473,0.507,104.948,228093,4,76,1
101,party rock anthem,lmfao featuring lauren bennett & goonrock,2,2011,0IkKz2J93C94Ei4BvDop7P,0.75,0.727,5,-4.21,0,0.142,0.0189,0.0,0.266,0.359,129.993,262173,4,65,1
102,firework,katy perry,3,2011,4r6eNCsrZnQWJzzvFh4nlg,0.638,0.832,8,-5.039,1,0.049,0.141,0.0,0.113,0.648,124.071,227893,4,66,1
103,e.t.,katy perry featuring kanye west,4,2011,4kkeuVl6gF3RMqE4Nn5W3E,0.602,0.863,5,-5.423,0,0.0773,0.0178,0.0,0.389,0.732,150.183,206373,4,59,1
104,give me everything,"pitbull featuring ne-yo, afrojack & nayer",5,2011,4QNpBfC0zvjKqPJcyqBy9W,0.671,0.939,8,-3.206,1,0.161,0.191,0.0,0.298,0.53,129.024,252307,4,79,1
105,grenade,bruno mars,6,2011,2tJulUYLDKOg9XrtVkMgcJ,0.704,0.558,2,-7.273,0,0.0542,0.148,0.0,0.107,0.245,110.444,222091,4,74,1
106,super bass,nicki minaj,8,2011,3hlksXnvbKogFdPbpO9vel,0.723,0.86,11,-4.357,1,0.203,0.271,4.56e-06,0.598,0.667,126.979,200013,4,75,1
107,moves like jagger,maroon 5 featuring christina aguilera,9,2011,7LcfRTgAVTs5pQGEQgUEzN,0.722,0.758,11,-4.477,0,0.0471,0.0111,0.0,0.308,0.62,128.047,201160,4,68,1
108,just can't get enough,the black eyed peas,10,2011,0xuXRQJfxmdP6gvfDe2Z4L,0.765,0.766,0,-9.374,1,0.0348,0.41,0.052,0.177,0.923,128.177,222760,4,59,1
109,on the floor,jennifer lopez featuring pitbull,11,2011,3C0nOe05EIt1390bVABLyN,0.73,0.777,3,-5.194,0,0.0496,0.105,0.000478,0.0691,0.575,130.0,284867,4,75,1
110,s&m,rihanna,12,2011,7ySUcLPVX7KudhnmNcgY2D,0.769,0.684,1,-5.019,1,0.0411,0.0105,0.000125,0.0887,0.835,127.972,243600,4,75,1
111,pumped up kicks,foster the people,13,2011,7w87IxuO7BDcJ3YUqCyMTT,0.733,0.71,5,-5.849,0,0.0292,0.145,0.115,0.0956,0.965,127.975,239600,4,79,1
112,last friday night (t.g.i.f.),katy perry,14,2011,3avYqdwHKEq8beXbeWCKqJ,0.652,0.812,3,-3.797,0,0.0409,0.00125,3.01e-05,0.667,0.72,126.023,230733,4,70,1
113,just the way you are,bruno mars,15,2011,7BqBn9nzAq8spo5e7cZ0dJ,0.635,0.841,5,-5.379,1,0.0422,0.0134,0.0,0.0622,0.424,109.021,220734,4,79,1
114,tonight (i'm lovin' you),enrique iglesias featuring ludacris & dj frank e,16,2011,79R98MwYRcQZdAzjjzUbiX,0.651,0.884,0,-3.986,0,0.0533,0.0242,5.36e-06,0.202,0.285,125.941,231293,4,48,1
115,raise your glass,p!nk,17,2011,1gv4xPanImH17bKZ9rOveR,0.7,0.709,7,-5.006,1,0.0838,0.0048,0.0,0.029,0.624,122.019,202960,4,74,1
116,born this way,lady gaga,18,2011,0QxRg51Y57EakUNrut5OWg,0.586,0.835,11,-5.117,1,0.146,0.00387,0.0,0.304,0.492,123.936,260413,4,0,1
117,f**kin' perfect,p!nk,19,2011,3MGJF1CDFGfjXESL2Heva0,0.565,0.646,7,-4.749,1,0.0335,0.0412,0.0,0.362,0.481,91.973,213413,4,63,1
118,what's my name?,rihanna featuring drake,20,2011,6DkXLzBQT7cwXmTyzAB1DJ,0.689,0.784,2,-2.972,1,0.074,0.182,0.0,0.0843,0.561,99.954,263173,4,67,1
119,look at me now,chris brown featuring lil wayne & busta rhymes,21,2011,3hsmbFKT5Cujb5GQjqEU39,0.767,0.677,11,-6.128,0,0.184,0.0339,5.51e-06,0.144,0.538,146.155,222587,4,67,1
120,down on me,jeremih featuring 50 cent,22,2011,0x3TibRgnSqzkcwrqBd4iX,0.7,0.598,2,-7.783,1,0.114,0.0369,0.0,0.111,0.594,160.041,228453,4,71,1
121,how to love,lil wayne,23,2011,5W7BcYDIaeXnpG3e39T7hJ,0.644,0.661,11,-6.093,1,0.0418,0.000177,5.23e-06,0.108,0.272,153.992,240307,4,63,1
122,someone like you,adele,24,2011,1zwMYTA5nlNjZxYrvBB2pV,0.556,0.319,9,-8.251,1,0.0281,0.893,0.0,0.0996,0.294,135.187,285240,4,76,1
123,good life,onerepublic,25,2011,4ZPdLEztrlZqbJkgHNw54L,0.439,0.808,1,-6.881,1,0.346,0.00305,0.0,0.439,0.487,82.962,207000,4,70,1
124,the lazy song,bruno mars,26,2011,1ExfPZEiahqhLyajhybFeS,0.794,0.711,8,-5.124,0,0.0699,0.3,0.0,0.0955,0.955,174.915,189109,4,69,1
125,till the world ends,britney spears,27,2011,38iU2jg98IZZEIJPrP7aWD,0.693,0.705,8,-5.747,1,0.0665,0.0228,0.0,0.202,0.45,131.951,237947,4,62,1
126,the show goes on,lupe fiasco,28,2011,4NTWZqvfQTlOMitlVn6tew,0.591,0.889,7,-3.839,1,0.115,0.0189,0.0,0.155,0.65,143.067,239613,4,66,1
127,the edge of glory,lady gaga,29,2011,0JNdS1n0ifOP25XvhwAMgM,0.581,0.772,9,-6.544,1,0.0401,0.000343,0.0191,0.11,0.361,127.952,320587,4,61,1
128,we r who we r,ke$ha,30,2011,3LUWWox8YYykohBbHUrrxd,0.736,0.817,8,-4.9,1,0.0407,0.00987,0.00167,0.117,0.653,119.95,204760,4,67,1
129,black and yellow,wiz khalifa,31,2011,5A6OHHy73AR5tLxgTc98zz,0.684,0.834,2,-4.524,0,0.0675,0.0646,0.0,0.271,0.538,164.02,217667,4,72,1
130,tonight tonight,hot chelle rae,32,2011,2i0AUcEnsDm3dsqLrFWUCq,0.686,0.783,4,-4.977,1,0.119,0.0764,0.0,0.163,0.814,99.978,200467,4,68,1
131,blow,ke$ha,33,2011,2g3qKijfeHfDyM7Fmaoi5M,0.815,0.742,11,-4.896,0,0.245,0.0579,0.0,0.345,0.584,137.036,182533,4,66,1
132,lighters,bad meets evil featuring bruno mars,34,2011,5zpDHEU12zATwLGvozxPw2,0.676,0.695,0,-8.327,1,0.245,0.352,0.0,0.119,0.144,90.268,303813,4,66,1
133,if i die young,the band perry,35,2011,4u26EevCNXMhlvE1xFBJwX,0.606,0.497,4,-6.611,1,0.0277,0.348,0.0,0.275,0.362,130.739,222773,4,64,1
134,stereo hearts,gym class heroes featuring adam levine,36,2011,0qOnSQQF0yzuPWsXrQ9paz,0.646,0.795,9,-3.293,1,0.0976,0.0319,0.0,0.267,0.796,89.99,210960,4,78,1
135,the time (dirty bit),the black eyed peas,37,2011,7vWFaMq63AwkFDhS2OAg5u,0.816,0.813,6,-7.798,0,0.0664,0.0662,2.77e-06,0.602,0.436,127.979,307640,4,66,1
136,coming home,diddy - dirty money featuring skylar grey,38,2011,65GbQI9VDTs7vo6MJL2iJA,0.424,0.465,6,-6.595,1,0.0297,0.461,5.52e-05,0.154,0.462,112.418,206387,3,66,1
137,hey baby (drop it to the floor),pitbull featuring t-pain,39,2011,3rfhI32Il2hVRKDkuGeeen,0.595,0.912,10,-3.428,0,0.0884,0.0434,0.0,0.259,0.762,128.024,234453,4,69,1
138,only girl (in the world),rihanna,40,2011,2ENexcMEMsYk0rVJigVD3i,0.789,0.706,11,-4.233,0,0.0429,0.112,1.71e-05,0.0586,0.638,125.911,235493,4,76,1
139,6 foot 7 foot,lil wayne featuring cory gunz,41,2011,5Qy6a5KzM4XlRxsNcGYhgH,0.364,0.752,2,-5.429,1,0.304,0.0007,0.0,0.318,0.606,79.119,248587,4,69,1
140,just a kiss,lady antebellum,42,2011,2OXidlnDThZR3zf36k6DVL,0.593,0.639,1,-5.826,1,0.0307,0.446,0.0,0.0998,0.332,142.881,218840,4,59,1
141,dirt road anthem,jason aldean,43,2011,2qYsSHsYkihWx043HVJQRV,0.68,0.741,2,-5.055,1,0.0357,0.347,1.87e-06,0.117,0.635,127.024,229400,4,68,1
142,dynamite,taio cruz,44,2011,5QDLhrAOJJdNAmCTJ8xMyW,0.746,0.765,6,-4.41,0,0.0993,0.0112,0.0,0.0936,0.737,114.044,199054,4,80,1
143,no hands,waka flocka flame featuring roscoe dash & wale,45,2011,03tqyYWC9Um2ZqU0ZN849H,0.76,0.595,1,-6.366,1,0.0391,0.00544,0.0,0.241,0.361,131.497,263773,4,72,1
144,i wanna go,britney spears,46,2011,5cCAZS9VhLGEDV4NCfieeg,0.696,0.546,5,-6.55,1,0.0414,0.00379,3.8e-06,0.332,0.787,130.002,210267,4,63,1
145,i'm on one,"dj khaled featuring drake, rick ross & lil wayne",47,2011,608a1wIsSd5KzMEqm1O7w3,0.413,0.807,11,-3.499,0,0.318,0.0536,0.0,0.631,0.438,149.33,296147,4,66,1
146,you make me feel...,cobra starship featuring sabi,48,2011,16Of7eeW44kt0a1M0nitHM,0.668,0.857,7,-2.944,0,0.0535,0.0191,6.71e-06,0.0385,0.748,131.959,215693,4,67,1
147,yeah 3x,chris brown,49,2011,2QtxlzvSBONjs1bDC34ixs,0.705,0.882,11,-3.201,0,0.0445,0.000369,1.16e-06,0.0934,0.7,130.0,241667,4,66,1
148,moment 4 life,nicki minaj featuring drake,50,2011,1ia019RqDK2o4QiANR1Dyn,0.475,0.882,11,-3.883,1,0.351,0.406,0.0,0.241,0.369,98.001,279307,4,67,1
149,i need a doctor,dr. dre featuring eminem & skylar grey,51,2011,70ATm56tH7OrQ1zurYssz0,0.594,0.946,3,-4.521,1,0.452,0.0869,0.0,0.306,0.397,155.826,283733,4,68,1
150,just a dream,nelly,52,2011,3ZdJffjzJWFimSQyxgGIxN,0.531,0.752,1,-6.161,1,0.0305,0.0421,0.0,0.12,0.103,89.917,237800,4,71,1
151,motivation,kelly rowland featuring lil wayne,53,2011,0rIAC4PXANcKmitJfoqmVm,0.599,0.887,4,-3.967,1,0.0984,0.0192,1.21e-06,0.3,0.881,170.918,193837,4,66,1
152,stereo love,edward maya & vika jigulina,54,2011,35Dofxo9smHVxmFQbhYIAT,0.778,0.776,9,-5.359,1,0.0362,0.0338,0.0216,0.0772,0.361,127.049,247615,4,55,1
153,jar of hearts,christina perri,55,2011,0HZhYMZOcUzZKSFwPOti6m,0.349,0.348,3,-6.142,1,0.0316,0.726,0.0,0.12,0.0886,74.541,246587,4,69,1
154,roll up,wiz khalifa,56,2011,53DB6LJV9B8sz0p1s6tlGS,0.523,0.805,3,-5.473,1,0.192,0.0524,0.0,0.0914,0.602,125.358,227773,5,59,1
155,sexy and i know it,lmfao,57,2011,0obBFrPYkSoBJbvHfUIhkv,0.707,0.861,7,-4.225,1,0.316,0.1,0.0,0.191,0.795,130.021,199480,4,60,1
156,rocketeer,far*east movement featuring ryan tedder,58,2011,45sDIKapDyxPl307QpEAwl,0.664,0.845,4,-6.115,0,0.0461,0.181,0.0,0.267,0.357,96.005,211253,4,64,1
157,all of the lights,kanye west,59,2011,22L7bfCiAkJo5xGSQgmiIO,0.531,0.803,1,-3.284,1,0.0717,0.0796,1.71e-05,0.176,0.221,142.113,299613,4,72,1
158,hold it against me,britney spears,60,2011,7Dyq1bhhjknLKEGg4k5NLr,0.648,0.722,0,-4.813,0,0.0427,0.0103,0.0,0.24,0.389,132.973,228827,4,54,1
159,more,usher,61,2011,5OELUCYgOHKFAvCERnAvfS,0.62,0.869,6,-5.479,1,0.0462,0.615,0.0,0.131,0.597,126.019,216573,4,74,1
160,what the hell,avril lavigne,62,2011,2z4U9d5OAA4YLNXoCgioxo,0.578,0.926,6,-3.689,0,0.0548,0.00472,0.0127,0.14,0.877,149.976,220707,4,70,1
161,written in the stars,tinie tempah featuring eric turner,63,2011,61HQWI1Woxup7CnGwVUsdI,0.644,0.945,7,-3.534,1,0.0717,0.0587,0.0,0.184,0.573,91.017,219560,4,50,1
162,bottoms up,trey songz featuring nicki minaj,64,2011,4AYX69oFP3UOS1CFmV9UfO,0.844,0.601,1,-5.283,1,0.157,0.0205,0.0,0.385,0.331,73.989,242013,4,68,1
163,dj got us fallin' in love,usher featuring pitbull,65,2011,4356Typ82hUiFAynbLYbPn,0.663,0.861,7,-3.398,0,0.109,0.0338,0.0,0.082,0.654,119.963,220800,4,76,1
164,for the first time,the script,66,2011,2R4AlwtrrkMaRKojcTIzmL,0.551,0.529,5,-10.469,0,0.0517,0.296,0.0093,0.178,0.521,75.515,182307,4,79,1
165,honey bee,blake shelton,67,2011,0gY2iq0xJPRoIB1PScKSw4,0.481,0.849,4,-5.131,1,0.0385,0.00167,1.49e-06,0.121,0.723,205.57,210720,4,60,1
166,don't you wanna stay,jason aldean with kelly clarkson,68,2011,7CZiLgkiVHhFcDkI2Y4lZ4,0.445,0.631,11,-4.798,1,0.0304,0.129,0.0,0.0911,0.152,143.846,256440,4,57,1
167,we found love,rihanna featuring calvin harris,69,2011,6qn9YLKt13AGvpq9jfO8py,0.734,0.766,1,-4.485,1,0.0383,0.025,0.00138,0.108,0.6,127.986,215227,4,75,1
168,pretty girl rock,keri hilson,70,2011,2Adn2LNgkHMH5TelQVAu4n,0.666,0.87,11,-5.004,0,0.246,0.203,0.0,0.0851,0.9,160.014,243920,4,61,1
169,you and i,lady gaga,71,2011,1MRnyqgA3P1T5Dw72lfZLm,0.474,0.919,10,-5.702,0,0.0381,0.259,0.945,0.341,0.445,90.225,151695,4,69,1
170,like a g6,far*east movement featuring cataracs & dev,72,2011,4DvhkX2ic4zWkQeWMwQ2qf,0.435,0.837,3,-8.126,1,0.449,0.00676,0.0,0.117,0.778,124.913,216893,4,66,1
171,without you,david guetta featuring usher,73,2011,1KMkcUvF7m3SDChDOa7i5L,0.662,0.413,0,-7.357,1,0.0299,0.213,0.0,0.134,0.467,93.005,161385,4,71,1
172,back to december,taylor swift,74,2011,3DrjZArsPsoqbLzUZZV1Id,0.529,0.67,2,-4.663,1,0.0303,0.117,0.0,0.334,0.286,141.893,293027,4,66,1
173,teenage dream,katy perry,75,2011,5jzKL4BDMClWqRguW5qZvh,0.719,0.798,10,-4.582,1,0.0361,0.0162,2.34e-06,0.134,0.591,120.011,227741,4,69,1
174,crazy girl,eli young band,76,2011,1nVLAEzhBXMJLR5zAl90Nl,0.366,0.651,4,-3.842,1,0.031,0.000415,0.00526,0.271,0.257,151.343,200707,3,67,1
175,cheers (drink to that),rihanna,77,2011,46MDLc0Yip6xCMSsdePOAU,0.576,0.912,9,-3.623,1,0.0403,0.0182,0.0,0.293,0.727,79.981,261747,4,47,1
176,who says,selena gomez & the scene,78,2011,3TcL0dyCMyr0kyTTc4NLgI,0.682,0.927,4,-2.915,1,0.0479,0.0843,0.0,0.149,0.744,101.019,195613,4,72,1
177,barefoot blue jean night,jake owen,79,2011,3ts6xK5GzfMAAriT9AIBmP,0.599,0.807,4,-4.679,1,0.0402,0.202,0.0,0.196,0.812,172.017,167427,4,67,1
178,knee deep,zac brown band featuring jimmy buffett,80,2011,60IGhnH20N82dNxKnc8jDd,0.715,0.584,8,-8.231,1,0.0296,0.432,1.41e-06,0.095,0.609,90.99,203173,4,68,1
179,country girl (shake it for me),luke bryan,81,2011,0JbSghVDghtFEurrSO8JrC,0.645,0.904,2,-4.532,1,0.0462,0.0293,0.0,0.0834,0.671,105.97,225560,4,72,1
180,remind me,brad paisley duet with carrie underwood,82,2011,23EiczD3banQL1m3pfC8LT,0.744,0.744,7,-4.334,1,0.142,0.247,0.0,0.116,0.662,104.007,182682,4,0,1
181,in the dark,dev,83,2011,6xd51Blf4S1T98r9iykAER,0.735,0.788,1,-3.057,0,0.0395,0.182,1.8e-06,0.0709,0.563,126.03,172721,4,58,1
182,backseat,new boyz featuring the cataracs & dev,84,2011,3aGibUHhQyBsyumYHylw0K,0.546,0.651,1,-7.601,1,0.3,0.000739,0.0,0.235,0.646,77.878,212653,4,65,1
183,headlines,drake,85,2011,6LxSe8YmdPxy095Ux6znaQ,0.636,0.566,6,-7.16,0,0.106,0.365,0.000353,0.0917,0.425,151.894,235987,4,73,1
184,best thing i never had,beyonce,86,2011,3lBRNqXjPp2j3JMTCXDTNO,0.546,0.649,6,-4.056,1,0.0324,0.143,1.55e-05,0.0894,0.298,99.05,253747,4,66,1
185,don't wanna go home,jason derulo,87,2011,1r3myKmjWoOqRip99CmSj1,0.671,0.808,2,-4.861,0,0.0652,0.02,0.0,0.134,0.637,121.956,206080,4,59,1
186,where them girls at,david guetta featuring flo rida & nicki minaj,88,2011,63rbP24OzfaQCJjsHWZXnY,0.664,0.872,3,-3.117,1,0.0396,0.0306,0.0,0.228,0.555,129.873,210093,4,62,1
187,she ain't you,chris brown,89,2011,3dhvQUA0NyrAea4vQ7X6Gn,0.634,0.716,2,-6.502,1,0.128,0.0341,0.0,0.0877,0.619,91.039,248107,4,56,1
188,take a back road,rodney atkins,90,2011,7B6m8tHAYZsOKOKMU5SR2n,0.581,0.856,3,-4.0,1,0.0783,0.183,0.0,0.0871,0.918,169.902,209427,4,60,1
189,please don't go,mike posner,91,2011,6jg5SRvdGxvJ0DzNV0UqEK,0.699,0.882,4,-3.896,0,0.0311,0.00296,0.0544,0.13,0.657,120.016,196813,4,63,1
190,sure thing,miguel,92,2011,0JXXNGljqupsJaZsgSbMZV,0.684,0.607,11,-8.127,0,0.1,0.0267,0.000307,0.191,0.498,81.001,195373,4,90,1
191,price tag,jessie j featuring b.o.b,93,2011,5mvKuE9Lf9ARVXVXA32kK9,0.638,0.831,5,-3.944,1,0.182,0.0281,3.06e-06,0.277,0.685,175.038,223053,4,59,1
192,god gave me you,blake shelton,94,2011,0w9LJae3sVlZlH2CnxTInF,0.483,0.844,2,-5.043,1,0.0314,0.00481,7.29e-05,0.405,0.543,151.977,229533,4,58,1
193,she will,lil wayne featuring drake,95,2011,0b4M7hd7mzLTm99MrMeZsp,0.364,0.841,8,-4.831,1,0.119,0.000402,0.0,0.242,0.0841,100.14,305840,5,64,1
194,are you gonna kiss me or not,thompson square,96,2011,2TAcwD5KcV9uY3O1tLGV15,0.485,0.701,8,-3.807,1,0.0288,0.039,0.0,0.0977,0.613,151.948,184920,4,62,1
195,animal,neon trees,97,2011,1fBl642IhJOE5U319Gy2Go,0.482,0.833,5,-5.611,1,0.0449,0.000346,0.0,0.365,0.74,148.039,212293,4,66,1
196,you and tequila,kenny chesney featuring grace potter,98,2011,1t2hJFgJyUPD2crOafMUEk,0.691,0.454,6,-9.13,1,0.0256,0.437,0.00227,0.0783,0.35,135.839,242840,4,60,1
197,colder weather,zac brown band,99,2011,3U8dHeggJ8IBe0UCb1gbyB,0.667,0.381,3,-7.494,1,0.0294,0.455,0.0,0.116,0.199,135.975,273893,4,67,1
198,my last,big sean featuring chris brown,100,2011,70tFuqBcduJv15bEnOPRTh,0.387,0.773,8,-5.685,1,0.17,0.098,0.0,0.209,0.368,78.629,254120,4,53,1
